rollout/ep_rew_mean,time/iterations,time/total_timesteps,rollout/ep_len_mean,time/fps,time/time_elapsed,train/policy_gradient_loss,train/clip_range,train/entropy_loss,train/loss,train/explained_variance,train/approx_kl,train/clip_fraction,train/std,train/n_updates,train/learning_rate,train/value_loss
0.0,0,0,1,,,,,,,,,,,,,
-0.39127098437499996,1,64,1.0,2538,0,,,,,,,,,,,
-0.45839611999999996,2,128,1.0,1455,0,-0.005343400873243809,0.2,-2.837872290611267,0.04814998432993889,-0.4523714780807495,0.00042427052,0.0,0.9999926090240479,10,0.0003,0.15146390125155448
-0.38572118000000005,3,192,1.0,1299,0,-0.006464808527380228,0.2,-2.8365870475769044,0.025051549077033997,-0.28967344760894775,0.000721002,0.0,0.998199462890625,20,0.0003,0.09522706791758537
-0.37936234999999996,4,256,1.0,1246,0,-0.00801806515082717,0.2,-2.8317901849746705,0.013997785747051239,0.01397770643234253,0.001119256,0.0,0.9954380989074707,30,0.0003,0.07365986481308937
-0.42190821,5,320,1.0,1202,0,-0.01712901722639799,0.2,-2.826831030845642,-0.008226798847317696,0.040540337562561035,0.0031629195,0.0,0.9936033487319946,40,0.0003,0.058226378262043
-0.38073149,6,384,1.0,1131,0,-0.014562835078686475,0.2,-2.823099970817566,-0.005237681791186333,0.3201090097427368,0.005107795,0.0078125,0.9912034869194031,50,0.0003,0.04808910936117172
-0.38932940000000005,7,448,1.0,1127,0,-0.028867040202021597,0.2,-2.817681646347046,-0.02635820209980011,0.15826791524887085,0.008279361,0.025,0.9884159564971924,60,0.0003,0.06030782461166382
-0.41094812,8,512,1.0,1145,0,-0.028145217895507814,0.2,-2.8118905305862425,-0.02395201288163662,0.3533015251159668,0.009009022,0.028125,0.9854676723480225,70,0.0003,0.05981959067285061
-0.40449708,9,576,1.0,1139,0,-0.023191254958510397,0.2,-2.8057648658752443,-0.01294257678091526,0.2923455238342285,0.012597255,0.053125,0.9823466539382935,80,0.0003,0.05709569416940212
-0.3563026000000001,10,640,1.0,1153,0,-0.01752208610996604,0.2,-2.799299120903015,-0.0033557377755641937,0.20469582080841064,0.008429456,0.025,0.9791051149368286,90,0.0003,0.0606767475605011
-0.32645163999999993,11,704,1.0,1156,0,-0.031530091911554335,0.2,-2.7929096460342406,-0.02407190203666687,0.10860520601272583,0.017048968,0.0578125,0.9762674570083618,100,0.0003,0.0726476214826107
-0.31292282,12,768,1.0,1153,0,-0.002744058705866337,0.2,-2.7873985528945924,0.026082178577780724,-0.2253429889678955,0.005494985,0.021875,0.973631739616394,110,0.0003,0.07535492330789566
-0.30265937,13,832,1.0,1152,0,-0.014173041470348835,0.2,-2.7824320793151855,-0.007922099903225899,0.14516162872314453,0.00434283,0.003125,0.9716519117355347,120,0.0003,0.05490527562797069
-0.30910974999999996,14,896,1.0,1145,0,-0.020066448114812376,0.2,-2.7786834478378295,0.0039284490048885345,-0.2697134017944336,0.009192211,0.0390625,0.9698272943496704,130,0.0003,0.08660157322883606
-0.30504133000000005,15,960,1.0,1071,0,-0.02469562403857708,0.2,-2.7744298696517946,-0.011031478643417358,-0.12362015247344971,0.0071952688,0.025,0.9672025442123413,140,0.0003,0.07012278363108634
-0.29452259999999997,16,1024,1.0,1071,0,-0.024240247253328562,0.2,-2.7679709434509276,-0.01973344199359417,-0.12480390071868896,0.0078031477,0.034375,0.9637965559959412,150,0.0003,0.05235637463629246
-0.28491394000000003,17,1088,1.0,1065,1,-0.008687188662588597,0.2,-2.7613237619400026,0.008677978068590164,-0.013773322105407715,0.0018260144,0.003125,0.9608946442604065,160,0.0003,0.057057762518525124
-0.28832357,18,1152,1.0,1071,1,-0.014957446791231632,0.2,-2.75518798828125,-0.004712298512458801,0.010088205337524414,0.0037964704,0.00625,0.9576534032821655,170,0.0003,0.05192873813211918
-0.30594416999999996,19,1216,1.0,1072,1,-0.016975370328873397,0.2,-2.748159170150757,-0.000549042597413063,-0.024185895919799805,0.008948521,0.0453125,0.9543725252151489,180,0.0003,0.054878580197691915
-0.25209998,20,1280,1.0,1076,1,-0.01844335375353694,0.2,-2.7418670892715453,-0.011492881923913956,-0.0006220340728759766,0.0055211205,0.015625,0.9516743421554565,190,0.0003,0.0479859720915556
-0.22602470000000005,21,1344,1.0,1079,1,-0.017546732164919376,0.2,-2.7369083642959593,-0.013747800141572952,0.02780437469482422,0.015530962,0.0578125,0.9499679803848267,200,0.0003,0.04415908306837082
-0.25740420999999997,22,1408,1.0,1078,1,-0.009154518321156501,0.2,-2.733764147758484,0.011761264875531197,0.027804017066955566,0.0147964405,0.084375,0.9482651948928833,210,0.0003,0.04113041236996651
-0.2774566,23,1472,1.0,1079,1,-0.006778709962964058,0.2,-2.7292173385620115,0.00338140781968832,0.0015679001808166504,0.006149033,0.009375,0.9455505609512329,220,0.0003,0.03695903904736042
-0.2632898699999999,24,1536,1.0,1082,1,-0.001077723130583763,0.2,-2.722444677352905,0.013777922838926315,0.010926246643066406,0.0027448842,0.0078125,0.9418075680732727,230,0.0003,0.04054904952645302
-0.25096377000000003,25,1600,1.0,1079,1,-0.016001203376799823,0.2,-2.714917302131653,-0.011475149542093277,0.011560022830963135,0.0044652857,0.009375,0.938940167427063,240,0.0003,0.04188970364630222
-0.24575873,26,1664,1.0,1083,1,-0.015679461322724818,0.2,-2.709438133239746,-0.0071180108934640884,0.01889932155609131,0.008112157,0.0203125,0.9362361431121826,250,0.0003,0.04942862242460251
-0.28501447,27,1728,1.0,1084,1,-0.016930727753788233,0.2,-2.7028846025466917,-0.001732880249619484,0.005629360675811768,0.013809382,0.05625,0.9330081939697266,260,0.0003,0.04677617624402046
-0.26597467,28,1792,1.0,1080,1,-0.004464539233595133,0.2,-2.695513677597046,0.0071730297058820724,0.023611724376678467,0.004723971,0.0140625,0.9290726184844971,270,0.0003,0.03375589922070503
-0.26206391999999995,29,1856,1.0,1074,1,-0.0036559682339429855,0.2,-2.687089443206787,0.0049919746816158295,0.0038573145866394043,0.0004763538,0.0,0.925621509552002,280,0.0003,0.037948298081755635
-0.24382366,30,1920,1.0,1075,1,-0.006050223764032125,0.2,-2.6802810430526733,0.0020363442599773407,0.024446189403533936,0.009258926,0.0359375,0.9226003885269165,290,0.0003,0.02306772768497467
-0.26600970999999995,31,1984,1.0,1075,1,-0.011468939855694771,0.2,-2.673922538757324,0.001065397635102272,0.030570268630981445,0.013298012,0.08125,0.9197564125061035,300,0.0003,0.030950879491865636
-0.23845292,32,2048,1.0,1077,1,-0.012776179146021605,0.2,-2.667727303504944,-0.0044305454939603806,0.035111844539642334,0.010328289,0.0375,0.9168040752410889,310,0.0003,0.03843870684504509
-0.23344803000000003,33,2112,1.0,1080,1,-0.005454349145293236,0.2,-2.6613298654556274,0.005958883091807365,0.05936390161514282,0.008777181,0.034375,0.9141172170639038,320,0.0003,0.02755063846707344
-0.23881473,34,2176,1.0,1079,2,-0.0055148577317595485,0.2,-2.655915880203247,0.006481003016233444,0.07981812953948975,0.0021486925,0.0,0.9117844104766846,330,0.0003,0.04584032334387302
-0.24799710999999994,35,2240,1.0,1079,2,0.0004256573971360922,0.2,-2.650791954994202,0.014696374535560608,-0.06343090534210205,0.0003499519,0.0,0.9094458818435669,340,0.0003,0.033217087760567664
-0.25551337,36,2304,1.0,1079,2,-0.006939625181257725,0.2,-2.6456772565841673,0.002629721537232399,0.013688445091247559,0.0020777471,0.0,0.9071327447891235,350,0.0003,0.04295080155134201
-0.27129172999999995,37,2368,1.0,1080,2,-0.013468851335346699,0.2,-2.6405015707015993,-0.019088560715317726,0.046553194522857666,0.0038971044,0.003125,0.9046840667724609,360,0.0003,0.03199261948466301
-0.25445962,38,2432,1.0,1076,2,-0.0014369310811161995,0.2,-2.6350942611694337,0.016541002318263054,-0.03318953514099121,0.0018019276,0.0015625,0.9023077487945557,370,0.0003,0.05418751426041126
-0.23594662,39,2496,1.0,1075,2,-0.014960105437785387,0.2,-2.6301816940307616,0.0008265580981969833,0.0030130743980407715,0.0143070435,0.0640625,0.900407075881958,380,0.0003,0.04191242568194866
-0.24697667999999998,40,2560,1.0,1075,2,-0.00438526663929224,0.2,-2.6267324686050415,0.005247689783573151,0.029723525047302246,0.0019089682,0.0,0.8991853594779968,390,0.0003,0.035376488044857976
-0.24162587000000002,41,2624,1.0,1073,2,-0.008998872991651297,0.2,-2.6236785888671874,0.004617100581526756,-0.006212830543518066,0.0058437856,0.025,0.8973526954650879,400,0.0003,0.037916578352451324
-0.23511036000000005,42,2688,1.0,1072,2,-0.0126707561314106,0.2,-2.619372510910034,-0.01102311722934246,-0.0174105167388916,0.008101956,0.0203125,0.8957076072692871,410,0.0003,0.034476977214217185
-0.25916776999999996,43,2752,1.0,1072,2,0.0019098890013992786,0.2,-2.6161088705062867,0.015968546271324158,0.04472661018371582,0.00041473657,0.0,0.8942597508430481,420,0.0003,0.02982132025063038
-0.28299841000000003,44,2816,1.0,1071,2,-0.010257752705365419,0.2,-2.6121499300003053,0.0034899888560175896,0.018101871013641357,0.012188071,0.071875,0.8919371962547302,430,0.0003,0.04057703725993633
-0.2525773,45,2880,1.0,1070,2,-0.014086470939218998,0.2,-2.6063564300537108,-0.007371755316853523,0.04467850923538208,0.010659044,0.0375,0.8892456293106079,440,0.0003,0.03761753998696804
-0.26021877,46,2944,1.0,1070,2,-0.006263248715549707,0.2,-2.600964140892029,0.002679472789168358,0.03659731149673462,0.008197143,0.025,0.8873834609985352,450,0.0003,0.03318863362073898
-0.30698271,47,3008,1.0,1071,2,-0.0005178528837859631,0.2,-2.5974751234054567,0.005004581063985825,-0.015431046485900879,0.0009332001,0.0,0.8860927820205688,460,0.0003,0.03328670226037502
-0.26887015,48,3072,1.0,1070,2,-0.013101099245250224,0.2,-2.5945870637893678,-0.005210628733038902,0.021226823329925537,0.0134718055,0.065625,0.8846527934074402,470,0.0003,0.03420194573700428
-0.22117403,49,3136,1.0,1071,2,-0.006353432405740022,0.2,-2.591433358192444,-0.0005982695147395134,0.06150615215301514,0.007647069,0.0171875,0.8834558725357056,480,0.0003,0.030310666002333165
-0.22038887,50,3200,1.0,1071,2,-0.010053958371281623,0.2,-2.588099503517151,-0.005426618270576,0.05554288625717163,0.0073927836,0.025,0.8813039660453796,490,0.0003,0.02351937610656023
-0.23117127999999998,51,3264,1.0,1072,3,-0.007212648261338472,0.2,-2.5822521924972532,0.002246670424938202,0.02713954448699951,0.0016515898,0.0,0.878476619720459,500,0.0003,0.046714480966329575
-0.25505593,52,3328,1.0,1074,3,-0.017787705175578594,0.2,-2.576549220085144,-0.024131949990987778,0.044641852378845215,0.0068151094,0.0203125,0.8766235709190369,510,0.0003,0.02517979983240366
-0.23527408000000002,53,3392,1.0,1074,3,-0.0022938985843211413,0.2,-2.572770428657532,0.010920686647295952,0.04271423816680908,0.0048074676,0.015625,0.8747525215148926,520,0.0003,0.03544177040457726
-0.23576798,54,3456,1.0,1075,3,-0.005825254507362843,0.2,-2.5680957317352293,0.001013847067952156,0.03539639711380005,0.0038902266,0.0,0.8727452754974365,530,0.0003,0.03610239028930664
-0.24781227,55,3520,1.0,1078,3,0.006449491903185845,0.2,-2.5637744903564452,0.015946898609399796,0.0272710919380188,0.00017504953,0.0,0.8709971904754639,540,0.0003,0.03438596278429031
-0.21954738000000007,56,3584,1.0,1080,3,-0.013756432943046093,0.2,-2.5595414638519287,-0.004445027559995651,0.02437490224838257,0.011193601,0.0515625,0.8688684105873108,550,0.0003,0.03493781313300133
-0.22791494,57,3648,1.0,1079,3,-0.0035137061960995196,0.2,-2.5533684492111206,0.0088787991553545,0.04182463884353638,0.0028127655,0.0046875,0.8653273582458496,560,0.0003,0.028970390558242798
-0.21227275999999995,58,3712,1.0,1082,3,-0.0022199956234544515,0.2,-2.544212579727173,0.009077497757971287,0.03517627716064453,0.00032337382,0.0,0.8611641526222229,570,0.0003,0.02755520064383745
-0.2508615,59,3776,1.0,1086,3,-0.006933780293911696,0.2,-2.5357235431671143,-0.005087223835289478,0.03960752487182617,0.002316014,0.0,0.8585057258605957,580,0.0003,0.02594705354422331
-0.23949573999999996,60,3840,1.0,1090,3,-0.001547309383749962,0.2,-2.5308264970779417,0.012433342635631561,-0.0008740425109863281,0.0017654141,0.0015625,0.8567203283309937,590,0.0003,0.059866977855563164
-0.22383238000000003,61,3904,1.0,1092,3,-0.006876417342573405,0.2,-2.526280951499939,0.006746942177414894,0.024588584899902344,0.0054933066,0.0140625,0.8543893098831177,600,0.0003,0.040754477679729464
-0.25297938000000003,62,3968,1.0,1095,3,-0.01296202102676034,0.2,-2.5204097986221314,-0.005085138604044914,0.07981729507446289,0.011154892,0.059375,0.8519360423088074,610,0.0003,0.03565700128674507
-0.26286357,63,4032,1.0,1098,3,-0.007051012851297856,0.2,-2.5146722078323362,0.007509354501962662,0.052825868129730225,0.008090934,0.025,0.8492315411567688,620,0.0003,0.04671742133796215
-0.26447225,64,4096,1.0,1101,3,-0.003014133870601654,0.2,-2.507193374633789,0.010288368910551071,0.016898691654205322,0.002939077,0.003125,0.8455264568328857,630,0.0003,0.035429826378822325
-0.27491007999999995,65,4160,1.0,1103,3,-0.011460580490529537,0.2,-2.4986932277679443,-0.011761089786887169,0.002345442771911621,0.0020764638,0.0,0.842452883720398,640,0.0003,0.044793867692351344
-0.25613059,66,4224,1.0,1106,3,-0.011644415929913521,0.2,-2.4923564195632935,-0.003362150862812996,0.021163582801818848,0.005094289,0.0171875,0.8400106430053711,650,0.0003,0.04079069755971432
-0.23029699,67,4288,1.0,1109,3,-0.0013824894092977047,0.2,-2.4856708526611326,0.012844443321228027,0.04227966070175171,0.0025206497,0.003125,0.8365397453308105,660,0.0003,0.03241527192294598
-0.22151475999999998,68,4352,1.0,1111,3,-0.0024361925199627875,0.2,-2.4773140430450438,0.005366293713450432,0.04081851243972778,0.000787816,0.0,0.8334571123123169,670,0.0003,0.023759401775896548
-0.23544716999999998,69,4416,1.0,1114,3,-0.006361642107367516,0.2,-2.4706099033355713,0.0006277002394199371,0.07151979207992554,0.0052685924,0.0125,0.830689013004303,680,0.0003,0.030986379086971282
-0.22536816999999995,70,4480,1.0,1117,4,-0.01572436485439539,0.2,-2.4639968633651734,-0.007216848433017731,0.044205307960510254,0.013507982,0.08125,0.8282228112220764,690,0.0003,0.03441639766097069
-0.21767023000000002,71,4544,1.0,1118,4,-0.002305653691291809,0.2,-2.457926106452942,0.011251626536250114,0.03998655080795288,0.0020312415,0.0,0.8252457976341248,700,0.0003,0.033557623997330664
-0.2487698300000001,72,4608,1.0,1120,4,-0.00786080677062273,0.2,-2.450715708732605,-0.0002491455525159836,0.04039156436920166,0.008422666,0.01875,0.8227357864379883,710,0.0003,0.0319956086575985
-0.23859659,73,4672,1.0,1122,4,-0.0024697236251085995,0.2,-2.4455100536346435,0.00863183569163084,0.009624123573303223,0.0015209783,0.0,0.8208246231079102,720,0.0003,0.04628533013164997
-0.22114724999999996,74,4736,1.0,1122,4,-0.014257233776152133,0.2,-2.4408878087997437,-0.003655172884464264,0.03522002696990967,0.007593179,0.028125,0.8188335299491882,730,0.0003,0.040209609642624856
-0.23763858,75,4800,1.0,1120,4,-0.004522243980318308,0.2,-2.435274267196655,0.011999350041151047,0.0142822265625,0.010692013,0.065625,0.8161710500717163,740,0.0003,0.033943765237927435
-0.23465758,76,4864,1.0,1120,4,-0.004415320232510567,0.2,-2.428756308555603,0.0058356281369924545,0.0703432559967041,0.0024641575,0.003125,0.813629686832428,750,0.0003,0.029616494290530683
-0.22725849,77,4928,1.0,1120,4,-0.005708802165463567,0.2,-2.422508883476257,0.005165472626686096,0.03565555810928345,0.0050181886,0.0109375,0.8109637498855591,760,0.0003,0.0323747955262661
-0.22610364,78,4992,1.0,1120,4,-0.005373945459723473,0.2,-2.4162195920944214,-0.005645556375384331,0.04209613800048828,0.0035267314,0.003125,0.8087989687919617,770,0.0003,0.027131405472755433
-0.24528160999999998,79,5056,1.0,1122,4,0.0018889716826379298,0.2,-2.4114929914474486,0.009109977632761002,0.08340167999267578,0.00045289937,0.0,0.8070939779281616,780,0.0003,0.02324882671236992
-0.24860181999999995,80,5120,1.0,1123,4,-0.0036482961848378183,0.2,-2.4075222969055177,0.00722786970436573,0.06756937503814697,0.0038818773,0.003125,0.8056135177612305,790,0.0003,0.032246843725442884
-0.26861564,81,5184,1.0,1124,4,-0.006391146406531334,0.2,-2.4036230564117433,0.006699142977595329,0.042639315128326416,0.0037239725,0.0109375,0.8037657141685486,800,0.0003,0.03738676644861698
-0.26414141,82,5248,1.0,1126,4,-0.009354440309107304,0.2,-2.39814670085907,-0.0037716254591941833,0.05314868688583374,0.0035313964,0.0140625,0.8010458946228027,810,0.0003,0.02866266295313835
-0.24830275999999996,83,5312,1.0,1127,4,-0.006410874892026186,0.2,-2.3905101776123048,0.006014157086610794,0.03702139854431152,0.002983611,0.009375,0.7977068424224854,820,0.0003,0.03736266568303108
-0.2541824,84,5376,1.0,1127,4,-0.01883321339264512,0.2,-2.3829315185546873,-0.025944238528609276,0.09968423843383789,0.015333526,0.05,0.7954617142677307,830,0.0003,0.022910664416849615
-0.22996357999999997,85,5440,1.0,1129,4,-0.004506439249962568,0.2,-2.378014254570007,0.008692444302141666,0.07369744777679443,0.012171151,0.096875,0.7934386730194092,840,0.0003,0.030166071839630604
-0.21943154999999998,86,5504,1.0,1130,4,-0.01604318432509899,0.2,-2.372821545600891,-0.01214498933404684,0.07151967287063599,0.015462324,0.0671875,0.7915134429931641,850,0.0003,0.03145299814641476
-0.23383404000000002,87,5568,1.0,1131,4,-0.008082404360175132,0.2,-2.3680091381072996,-0.008129138499498367,0.05674874782562256,0.0027038138,0.0015625,0.7894434332847595,860,0.0003,0.026304432936012746
-0.21903640000000002,88,5632,1.0,1133,4,-0.004333258885890245,0.2,-2.361781930923462,0.007155939936637878,0.07132309675216675,0.0029377034,0.009375,0.7864452600479126,870,0.0003,0.03141230475157499
-0.18138906999999999,89,5696,1.0,1134,5,-0.015836082585155963,0.2,-2.3542457818984985,-0.01318068616092205,0.04797607660293579,0.017298132,0.0609375,0.7839586734771729,880,0.0003,0.028334041498601435
-0.18751572,90,5760,1.0,1134,5,-0.0031648035161197185,0.2,-2.3489850044250487,0.0067411866039037704,0.06551814079284668,0.0027343305,0.00625,0.782150149345398,890,0.0003,0.028132046572864056
-0.21143827999999998,91,5824,1.0,1132,5,-0.013508468121290206,0.2,-2.3443501234054565,-0.013879287987947464,0.037518858909606934,0.0055869576,0.0296875,0.7803024053573608,900,0.0003,0.025191660225391387
-0.19426443,92,5888,1.0,1130,5,-0.018047634698450565,0.2,-2.340094709396362,-0.02011195756494999,0.0799793004989624,0.007084571,0.025,0.7790257930755615,910,0.0003,0.027932232059538365
-0.23857866999999996,93,5952,1.0,1128,5,-0.00019984361715614797,0.2,-2.3369133949279783,0.013445070013403893,0.03311389684677124,0.006166652,0.01875,0.7776248455047607,920,0.0003,0.03233924061059952
-0.22702697,94,6016,1.0,1123,5,-0.004725736891850829,0.2,-2.3326201915740965,0.009439755231142044,0.08198237419128418,0.008405894,0.0375,0.7755271196365356,930,0.0003,0.033558857440948484
-0.21423811,95,6080,1.0,1117,5,-0.014833669271320104,0.2,-2.3267889499664305,-0.016771070659160614,0.06552648544311523,0.003284106,0.0046875,0.7732946872711182,940,0.0003,0.035949394851922986
-0.23231420999999997,96,6144,1.0,1113,5,-0.008220846205949784,0.2,-2.32088840007782,0.006384110078215599,0.010142803192138672,0.0064764274,0.025,0.7707891464233398,950,0.0003,0.04496685191988945
-0.23503803999999998,97,6208,1.0,1108,5,-0.005206449143588543,0.2,-2.3137840747833254,0.012185968458652496,0.05135512351989746,0.0030723028,0.003125,0.7678040266036987,960,0.0003,0.04692533947527409
-0.23340302,98,6272,1.0,1094,5,-0.011366016045212746,0.2,-2.3066266536712647,-0.020255137234926224,0.05921363830566406,0.004270998,0.0,0.7657155990600586,970,0.0003,0.032528359442949295
-0.22992879000000002,99,6336,1.0,1093,5,-0.018835722655057906,0.2,-2.30201575756073,-0.005451362580060959,0.045655667781829834,0.021062724,0.109375,0.7638711929321289,980,0.0003,0.04118875004351139
-0.22802205000000003,100,6400,1.0,1094,5,-0.0013386193662881852,0.2,-2.296691823005676,0.01185658946633339,0.08536142110824585,0.00144321,0.0015625,0.7618428468704224,990,0.0003,0.0369057010859251
-0.22743762000000003,101,6464,1.0,1095,5,-0.017858461197465657,0.2,-2.2916523456573485,-0.00859462097287178,0.028548836708068848,0.012101799,0.0578125,0.760050892829895,1000,0.0003,0.041400709003210065
-0.20755993,102,6528,1.0,1096,5,-0.004308114759624004,0.2,-2.2874037504196165,-0.0031220633536577225,0.09999722242355347,0.002591081,0.0,0.7586431503295898,1010,0.0003,0.02627741415053606
-0.21366986000000002,103,6592,1.0,1098,5,0.0008318231441080571,0.2,-2.2839563369750975,-0.002306528389453888,0.08211147785186768,0.00085706916,0.0,0.7574306726455688,1020,0.0003,0.024320938810706138
-0.23718088999999998,104,6656,1.0,1096,6,-0.012972423899918794,0.2,-2.2806580305099486,-0.0013338085263967514,0.060204923152923584,0.01395218,0.0703125,0.7560044527053833,1030,0.0003,0.03554904870688915
-0.25656189,105,6720,1.0,1091,6,-0.005813692044466734,0.2,-2.2762238025665282,0.010100532323122025,0.045851051807403564,0.004211936,0.0203125,0.7540944814682007,1040,0.0003,0.036731020733714106
-0.23274719000000002,106,6784,1.0,1079,6,-0.014367353543639183,0.2,-2.2710846424102784,-0.007916556671261787,0.08509629964828491,0.012571206,0.04375,0.7520629167556763,1050,0.0003,0.033626357465982436
-0.22223967000000003,107,6848,1.0,1077,6,-0.003915520198643207,0.2,-2.2655851364135744,0.0016647931188344955,0.10523921251296997,0.0031925282,0.00625,0.7501864433288574,1060,0.0003,0.026701153814792634
-0.24609573,108,6912,1.0,1079,6,0.0006964011117815971,0.2,-2.260947322845459,0.014829955995082855,0.10504990816116333,0.00023838598,0.0,0.7484493255615234,1070,0.0003,0.03604747727513313
-0.21885504000000006,109,6976,1.0,1080,6,-0.013117660861462354,0.2,-2.2563864946365357,-0.011707041412591934,0.04109448194503784,0.0088854,0.025,0.7468472719192505,1080,0.0003,0.03463293015956879
-0.22686743000000004,110,7040,1.0,1082,6,-0.0012784024700522422,0.2,-2.2523664951324465,-0.0005674436688423157,0.12312668561935425,0.0012734877,0.0,0.7454918622970581,1090,0.0003,0.02780151031911373
-0.20230466000000003,111,7104,1.0,1082,6,-0.007963672466576099,0.2,-2.2486234664916993,-0.0006803711876273155,0.10553723573684692,0.007909802,0.034375,0.7439073324203491,1100,0.0003,0.024340724386274815
-0.20721096,112,7168,1.0,1082,6,-0.005056980159133672,0.2,-2.243925762176514,-0.0025630807504057884,0.1905916929244995,0.005025953,0.0109375,0.7419718503952026,1110,0.0003,0.02166960872709751
-0.22975404999999996,113,7232,1.0,1082,6,-0.0028190355747938155,0.2,-2.2388182878494263,0.0025446023792028427,0.03244149684906006,0.0010917177,0.0,0.7402883768081665,1120,0.0003,0.03456909470260143
-0.21982876,114,7296,1.0,1082,6,-0.008685305248945951,0.2,-2.2343524217605593,-0.004275133833289146,0.10578620433807373,0.00473548,0.009375,0.7384700179100037,1130,0.0003,0.026282708905637265
-0.22852548000000003,115,7360,1.0,1082,6,-0.0023272409103810786,0.2,-2.228331780433655,0.010632237419486046,0.10192656517028809,0.0015361682,0.0,0.7356787919998169,1140,0.0003,0.031419525109231475
-0.23298109000000003,116,7424,1.0,1082,6,-0.0014240127056837082,0.2,-2.2203180313110353,0.012244045734405518,0.12140631675720215,0.00034972746,0.0,0.7327882647514343,1150,0.0003,0.03039061203598976
-0.24408246000000003,117,7488,1.0,1083,6,-0.005872022546827793,0.2,-2.2135143518447875,-0.001956166699528694,0.07396548986434937,0.0016240738,0.0,0.7309414148330688,1160,0.0003,0.028334039263427258
-0.25042541999999995,118,7552,1.0,1083,6,-0.011878868378698827,0.2,-2.209351658821106,0.0026706457138061523,-0.001774907112121582,0.005973459,0.0171875,0.7295064330101013,1170,0.0003,0.04671904072165489
-0.26637099,119,7616,1.0,1084,7,-0.00699682105332613,0.2,-2.2048595190048217,0.005642756819725037,0.016333580017089844,0.0026278123,0.0015625,0.7275981903076172,1180,0.0003,0.04755066931247711
-0.23092711999999996,120,7680,1.0,1085,7,-0.021671739220619202,0.2,-2.1994651556015015,-0.012590475380420685,0.07842272520065308,0.008194533,0.046875,0.7257066369056702,1190,0.0003,0.041313988342881205
-0.23384809999999998,121,7744,1.0,1085,7,-0.014219433721154928,0.2,-2.1942935228347777,-0.007226534187793732,0.006015002727508545,0.015006876,0.0609375,0.7237498760223389,1200,0.0003,0.03783030025660992
-0.21495202000000002,122,7808,1.0,1086,7,-0.0004911378026008606,0.2,-2.188671112060547,0.005371410399675369,0.10098099708557129,0.001215661,0.0,0.7216936349868774,1210,0.0003,0.030000256560742854
-0.18207081999999997,123,7872,1.0,1087,7,-0.003170657902956009,0.2,-2.183094024658203,0.007813084870576859,0.00131303071975708,0.0028282348,0.003125,0.7197450995445251,1220,0.0003,0.030160343647003172
-0.22429608,124,7936,1.0,1086,7,-0.0023702191188931464,0.2,-2.1778908252716063,0.006950714625418186,0.06279808282852173,0.0007402478,0.0,0.7179185748100281,1230,0.0003,0.03128298539668321
-0.23202414000000002,125,8000,1.0,1085,7,-0.004229601845145226,0.2,-2.1722554683685305,0.010624928399920464,0.03516244888305664,0.0037830304,0.0015625,0.7155300378799438,1240,0.0003,0.05136706791818142
-0.25421190000000005,126,8064,1.0,1084,7,-0.00635792501270771,0.2,-2.165115785598755,0.004629002884030342,0.032652437686920166,0.007459406,0.025,0.7129546403884888,1250,0.0003,0.036596217378973964
-0.20349331000000007,127,8128,1.0,1084,7,-0.0061650523915886875,0.2,-2.158227825164795,0.00768109317868948,0.09567326307296753,0.005174106,0.0375,0.7107387781143188,1260,0.0003,0.0358316220343113
-0.20578451,128,8192,1.0,1083,7,-0.008710371050983667,0.2,-2.153218078613281,-0.009848331101238728,0.10063284635543823,0.00784414,0.0234375,0.7094744443893433,1270,0.0003,0.02630289290100336
-0.20844947000000003,129,8256,1.0,1081,7,0.0020793268457055094,0.2,-2.149573302268982,0.015955960378050804,0.07636642456054688,0.0003469279,0.0,0.7078841924667358,1280,0.0003,0.03611386232078075
-0.20231146,130,8320,1.0,1081,7,-0.009412617329508067,0.2,-2.145095467567444,-0.014699600636959076,0.12098759412765503,0.005701948,0.00625,0.706588864326477,1290,0.0003,0.02622085753828287
-0.19836082000000002,131,8384,1.0,1081,7,-0.011200542375445367,0.2,-2.1415510177612305,0.0011009704321622849,0.10334289073944092,0.018127847,0.121875,0.7051156163215637,1300,0.0003,0.02703652698546648
-0.22182538999999998,132,8448,1.0,1082,7,-0.004898841958492994,0.2,-2.1366202592849732,-0.0007497789338231087,0.14210236072540283,0.004242952,0.0015625,0.7030841708183289,1310,0.0003,0.01967725493013859
-0.20520043000000002,133,8512,1.0,1083,7,0.00034891264513134954,0.2,-2.1308319330215455,0.010336456820368767,0.13035982847213745,0.0009233644,0.0,0.7012616395950317,1320,0.0003,0.032295003160834314
-0.19224454999999996,134,8576,1.0,1083,7,-0.013993857894092798,0.2,-2.126263380050659,-0.017382752150297165,0.08733618259429932,0.0077778846,0.0125,0.6998560428619385,1330,0.0003,0.03270581290125847
-0.2031627,135,8640,1.0,1084,7,0.003306978289037943,0.2,-2.1225225925445557,0.0039020124822854996,0.13572967052459717,0.0009100465,0.0,0.6986546516418457,1340,0.0003,0.03028234988451004
-0.21204021999999997,136,8704,1.0,1085,8,-0.0004977004136890173,0.2,-2.1187775850296022,0.008201941847801208,0.11738961935043335,0.0013769083,0.0,0.6970678567886353,1350,0.0003,0.026430391520261765
-0.22397493000000002,137,8768,1.0,1086,8,-0.006239393167197705,0.2,-2.114157271385193,-0.008566389791667461,0.12254881858825684,0.0036412934,0.0,0.6956427097320557,1360,0.0003,0.030328715033829213
-0.2185116,138,8832,1.0,1086,8,-0.011703535169363021,0.2,-2.1099356174468995,-0.0025379201397299767,0.11396682262420654,0.011069975,0.059375,0.693873405456543,1370,0.0003,0.028540356643497945
-0.1764637,139,8896,1.0,1086,8,-0.006234265491366386,0.2,-2.1046551942825316,-0.0030851922929286957,0.058599233627319336,0.0008789534,0.0,0.6921916007995605,1380,0.0003,0.03188470490276814
-0.22725170000000003,140,8960,1.0,1087,8,-0.01206150334328413,0.2,-2.100140833854675,-0.00993034802377224,0.09111350774765015,0.0052474365,0.00625,0.6906560659408569,1390,0.0003,0.034770404919981956
-0.22000079000000003,141,9024,1.0,1088,8,-0.008439895138144493,0.2,-2.09499773979187,0.008539833128452301,0.10772097110748291,0.012061569,0.0671875,0.6885007619857788,1400,0.0003,0.03788444958627224
-0.21140936,142,9088,1.0,1090,8,-0.006626506522297859,0.2,-2.0886310815811155,-0.004954719915986061,0.06901508569717407,0.004461877,0.003125,0.6864354014396667,1410,0.0003,0.030967912450432778
-0.24221394999999998,143,9152,1.0,1091,8,0.0031329297460615637,0.2,-2.083092737197876,0.021395985037088394,0.03960961103439331,0.0002715476,0.0,0.6847811341285706,1420,0.0003,0.060552848502993584
-0.18398510999999998,144,9216,1.0,1092,8,-0.008900742046535015,0.2,-2.0785790920257567,-0.007900970056653023,0.127252995967865,0.0045314934,0.0140625,0.6832310557365417,1430,0.0003,0.03176700714975596
-0.22155137,145,9280,1.0,1094,8,0.0010862750932574272,0.2,-2.07387912273407,0.003036307170987129,0.1505955457687378,0.0020814408,0.0,0.6816393733024597,1440,0.0003,0.026980278454720973
-0.21000073,146,9344,1.0,1094,8,-0.0027007466182112695,0.2,-2.0690698862075805,0.013133279979228973,0.09875786304473877,0.006265225,0.034375,0.6799341440200806,1450,0.0003,0.03319758698344231
-0.22235680000000002,147,9408,1.0,1096,8,-0.007641880959272385,0.2,-2.0641547203063966,-0.0030483026057481766,0.12361693382263184,0.00805406,0.021875,0.678255558013916,1460,0.0003,0.024918023869395255
-0.19248003,148,9472,1.0,1097,8,-0.011135069653391838,0.2,-2.0589590072631836,-0.0036343615502119064,0.0837019681930542,0.0045613972,0.0078125,0.6763588190078735,1470,0.0003,0.0395062867552042
-0.1698975,149,9536,1.0,1098,8,-0.013707702234387397,0.2,-2.0533927202224733,-0.01764044165611267,0.13970333337783813,0.007971479,0.021875,0.6746560335159302,1480,0.0003,0.028332048654556276
-0.17092524,150,9600,1.0,1099,8,0.0008741120342165232,0.2,-2.048624587059021,0.010920865461230278,0.10872620344161987,0.0007897727,0.0,0.6730164289474487,1490,0.0003,0.02917666658759117
-0.21056600000000003,151,9664,1.0,1099,8,-0.0038718129508197308,0.2,-2.043361687660217,0.0038493694737553596,0.13052672147750854,0.003234296,0.0015625,0.6710704565048218,1500,0.0003,0.024386584758758545
-0.2092955,152,9728,1.0,1101,8,-0.0015404139645397662,0.2,-2.037372183799744,0.01142553798854351,0.14246630668640137,0.0019817986,0.0,0.6690570116043091,1510,0.0003,0.039043381437659265
-0.19783946,153,9792,1.0,1102,8,-0.0003172517754137516,0.2,-2.0312041521072386,0.01236790232360363,0.12173259258270264,0.00090393424,0.0,0.6668456196784973,1520,0.0003,0.031175969913601876
-0.21415007000000003,154,9856,1.0,1102,8,-0.007381078600883484,0.2,-2.024481773376465,-0.00519455224275589,0.17823565006256104,0.0016196184,0.0,0.6646581888198853,1530,0.0003,0.024803762137889863
-0.22535476000000002,155,9920,1.0,1104,8,-0.0037573758512735368,0.2,-2.01831693649292,-0.002642698585987091,0.15954947471618652,0.0023215152,0.0046875,0.66281658411026,1540,0.0003,0.02642137259244919
-0.20792655,156,9984,1.0,1105,9,-0.0026450347155332564,0.2,-2.0127794981002807,0.008096564561128616,0.09445738792419434,0.0017291671,0.00625,0.6608411073684692,1550,0.0003,0.033807463198900226
-0.23005711,157,10048,1.0,1106,9,-0.002433632127940655,0.2,-2.0065893650054933,0.006013095378875732,0.20807939767837524,0.0008983724,0.0,0.6588180065155029,1560,0.0003,0.027615337632596493
-0.22459945000000003,158,10112,1.0,1107,9,-0.018313335441052913,0.2,-2.00069580078125,-0.01686706580221653,0.11008262634277344,0.012773112,0.0453125,0.6569149494171143,1570,0.0003,0.03732363283634186
-0.20823605,159,10176,1.0,1108,9,0.0009144831448793412,0.2,-1.9948306560516358,0.010293139144778252,0.05625563859939575,0.0007259939,0.0,0.6550413966178894,1580,0.0003,0.0399184349924326
-0.1873074,160,10240,1.0,1109,9,0.0002219807356595993,0.2,-1.9893670201301574,0.0036637289449572563,0.20212924480438232,0.00059609674,0.0,0.6533130407333374,1590,0.0003,0.030926278606057168
-0.21795437,161,10304,1.0,1110,9,-0.012392402440309525,0.2,-1.98401620388031,-0.0027629435062408447,0.16818338632583618,0.013203103,0.0484375,0.6514619588851929,1600,0.0003,0.03566946908831596
-0.24282817999999998,162,10368,1.0,1111,9,-0.0007246509194374084,0.2,-1.9779511451721192,0.009857178665697575,0.10635381937026978,0.00015435927,0.0,0.6494170427322388,1610,0.0003,0.02940956875681877
-0.21916518,163,10432,1.0,1112,9,-0.007728390861302614,0.2,-1.9720305681228638,-0.008969023823738098,0.16743946075439453,0.007623302,0.0171875,0.6477036476135254,1620,0.0003,0.02026697266846895
-0.21847365,164,10496,1.0,1114,9,-0.025721020996570587,0.2,-1.9672073721885681,-0.020484788343310356,0.09606462717056274,0.01758268,0.08125,0.646354079246521,1630,0.0003,0.035467085987329484
-0.19967676999999998,165,10560,1.0,1115,9,-0.000240842392668128,0.2,-1.9630455017089843,0.020247559994459152,-0.05477643013000488,0.0014569508,0.0,0.6448112726211548,1640,0.0003,0.049770883098244664
-0.19515942,166,10624,1.0,1116,9,-0.02199601260945201,0.2,-1.9580710053443908,-0.025421883910894394,0.11050587892532349,0.010291283,0.0390625,0.6432963609695435,1650,0.0003,0.033865337073802945
-0.23101501000000002,167,10688,1.0,1116,9,-0.00801676493138075,0.2,-1.9529649496078492,0.0011880798265337944,0.20448631048202515,0.011045331,0.0515625,0.6412954926490784,1660,0.0003,0.026083352416753768
-0.19559474,168,10752,1.0,1117,9,-0.0035555616021156313,0.2,-1.9456048965454102,0.01058664545416832,0.15001928806304932,0.0032828096,0.003125,0.6385594606399536,1670,0.0003,0.03549451194703579
-0.19595939999999998,169,10816,1.0,1118,9,-0.00554239172488451,0.2,-1.9369079232215882,0.0001727622002363205,0.04004323482513428,0.0011811256,0.0,0.6359020471572876,1680,0.0003,0.029475151747465133
-0.21701777000000003,170,10880,1.0,1120,9,-0.00478571280837059,0.2,-1.9291873574256897,0.004616732709109783,0.09021663665771484,0.0027716123,0.0125,0.6337003111839294,1690,0.0003,0.0317715348675847
-0.21509891,171,10944,1.0,1120,9,-0.004940603580325842,0.2,-1.9225526213645936,0.007155128754675388,0.14938122034072876,0.0021514492,0.0078125,0.6316763162612915,1700,0.0003,0.027351665124297143
-0.22302751,172,11008,1.0,1121,9,-0.004700090130791068,0.2,-1.9163894176483154,0.005908265709877014,0.20637118816375732,0.0018919017,0.00625,0.6298668384552002,1710,0.0003,0.026968998648226262
-0.20096812000000003,173,11072,1.0,1122,9,-0.007525268383324147,0.2,-1.9111510038375854,-0.004926283843815327,0.13115835189819336,0.003328939,0.00625,0.6283890008926392,1720,0.0003,0.027130614034831524
-0.17239169999999998,174,11136,1.0,1123,9,-0.00026805847883224485,0.2,-1.9060787677764892,0.009915359318256378,0.23442411422729492,0.0011274274,0.0,0.6264955997467041,1730,0.0003,0.025474620051681995
-0.20802166,175,11200,1.0,1124,9,-0.02523606028407812,0.2,-1.900153684616089,-0.04330728203058243,0.09707045555114746,0.011369024,0.0359375,0.6249711513519287,1740,0.0003,0.024162404984235764
-0.20525580000000002,176,11264,1.0,1125,10,-0.000663024396635592,0.2,-1.8959172725677491,0.008992133662104607,0.057164669036865234,0.0029839491,0.0046875,0.6237550973892212,1750,0.0003,0.04121733047068119
-0.22911617,177,11328,1.0,1125,10,-0.0076635383069515225,0.2,-1.8922879219055175,-0.0019588638097047806,0.06243389844894409,0.013816825,0.0609375,0.622747540473938,1760,0.0003,0.026238776929676532
-0.20443530000000001,178,11392,1.0,1126,10,-0.010423610731959344,0.2,-1.8889931917190552,0.004248179495334625,0.0846216082572937,0.009798052,0.0453125,0.6215670108795166,1770,0.0003,0.040128889679908755
-0.16892054999999995,179,11456,1.0,1127,10,-0.008325211517512799,0.2,-1.8851245999336244,-0.01353350467979908,0.15164852142333984,0.004308695,0.0046875,0.6205657720565796,1780,0.0003,0.021955498307943345
-0.18779367999999994,180,11520,1.0,1128,10,-0.0016077451407909393,0.2,-1.8821959376335144,0.0035109492018818855,0.08212918043136597,0.0017613778,0.00625,0.6196072101593018,1790,0.0003,0.021396172232925892
-0.19918098999999997,181,11584,1.0,1129,10,-0.011810575239360332,0.2,-1.8789826512336731,-0.015893638134002686,0.18280935287475586,0.007697616,0.021875,0.6186426281929016,1800,0.0003,0.0230236291885376
-0.19173653000000002,182,11648,1.0,1129,10,0.00047945911064743995,0.2,-1.8753231644630433,0.011720873415470123,0.2071545124053955,0.0014441945,0.0,0.617162823677063,1810,0.0003,0.03152778930962086
-0.16933345,183,11712,1.0,1130,10,-0.013779072836041451,0.2,-1.870053493976593,-0.01242185290902853,0.16204577684402466,0.0076042665,0.021875,0.6154813766479492,1820,0.0003,0.026675382815301418
-0.17687602999999996,184,11776,1.0,1130,10,-0.0006256571039557457,0.2,-1.8641369223594666,0.011013495735824108,0.14600533246994019,0.0015445529,0.0,0.6134365797042847,1830,0.0003,0.029618316143751145
-0.20723273000000003,185,11840,1.0,1131,10,-0.014729949925094844,0.2,-1.8572594285011292,-0.001816021278500557,0.07841497659683228,0.006786771,0.015625,0.6112834811210632,1840,0.0003,0.04914353638887405
-0.19689846,186,11904,1.0,1132,10,-0.028100164700299503,0.2,-1.850497579574585,-0.029109081253409386,0.2585359811782837,0.019330874,0.103125,0.6094224452972412,1850,0.0003,0.02597593069076538
-0.20792219,187,11968,1.0,1132,10,-0.01222977340221405,0.2,-1.8451818585395814,-0.01746494323015213,0.15572386980056763,0.0060427533,0.0109375,0.6081074476242065,1860,0.0003,0.026327518559992314
-0.21521804,188,12032,1.0,1133,10,0.0028099559247493746,0.2,-1.8411329746246339,0.012729328125715256,-0.0008498430252075195,0.0012234347,0.0,0.6068782806396484,1870,0.0003,0.047921110317111014
-0.20396823,189,12096,1.0,1134,10,-0.004143415158614517,0.2,-1.8363162517547607,0.010173015296459198,0.15004515647888184,0.0062535414,0.034375,0.6050468683242798,1880,0.0003,0.032933689281344415
-0.22991586000000003,190,12160,1.0,1135,10,-0.005974366702139378,0.2,-1.8297675967216491,0.0044700875878334045,0.0924864411354065,0.0033443347,0.003125,0.6029928922653198,1890,0.0003,0.03474658504128456
-0.19799313999999996,191,12224,1.0,1136,10,-0.009595057740807534,0.2,-1.8231557488441468,-0.0024884678423404694,0.13691872358322144,0.0031571481,0.009375,0.6012308597564697,1900,0.0003,0.0347338642925024
-0.20762563,192,12288,1.0,1137,10,-0.012246097531169653,0.2,-1.817857825756073,-0.0004055239260196686,0.03988736867904663,0.0073617706,0.01875,0.599804162979126,1910,0.0003,0.0363841138780117
-0.21535612999999995,193,12352,1.0,1137,10,-0.00832537179812789,0.2,-1.8129426479339599,-0.0003910958766937256,0.24911963939666748,0.011464378,0.046875,0.5982120633125305,1920,0.0003,0.02434665020555258
-0.23446903000000002,194,12416,1.0,1137,10,-0.0050850633531808855,0.2,-1.80724036693573,0.0028863977640867233,0.23899036645889282,0.0047318833,0.0203125,0.5963255167007446,1930,0.0003,0.025130006670951843
-0.21768595000000002,195,12480,1.0,1138,10,-0.005108305718749762,0.2,-1.8004640460014343,0.0024394355714321136,0.2090936303138733,0.0025310991,0.0,0.5942902565002441,1940,0.0003,0.03787660971283913
-0.19324224999999998,196,12544,1.0,1138,11,-0.002587545569986105,0.2,-1.7936618447303772,0.0056560831144452095,0.142633855342865,0.0011127228,0.0,0.5922094583511353,1950,0.0003,0.03198588639497757
-0.19807086999999998,197,12608,1.0,1139,11,-0.006420840974897146,0.2,-1.7863713383674622,0.0037903618067502975,-0.008646011352539062,0.0035525504,0.0171875,0.5899639129638672,1960,0.0003,0.03201886303722858
-0.2121586,198,12672,1.0,1140,11,-0.008496835362166166,0.2,-1.7790876746177673,0.004279907792806625,0.14181047677993774,0.0039060134,0.0203125,0.588127851486206,1970,0.0003,0.034662910550832746
-0.21432359,199,12736,1.0,1141,11,-0.009056877437978983,0.2,-1.773269772529602,-0.003318832255899906,0.17180925607681274,0.0038530827,0.009375,0.5864272713661194,1980,0.0003,0.028395766392350197
-0.18874708,200,12800,1.0,1142,11,-0.020130865927785634,0.2,-1.7678840398788451,-0.022720875218510628,0.16534090042114258,0.016519748,0.0578125,0.5852234363555908,1990,0.0003,0.025040469132363796
-0.17616818,201,12864,1.0,1143,11,-0.004119883757084608,0.2,-1.7646215319633485,-0.001997079700231552,0.12093687057495117,0.0035547605,0.015625,0.5844719409942627,2000,0.0003,0.017037259973585607
-0.20457332,202,12928,1.0,1144,11,-0.0035452193580567835,0.2,-1.7618648171424867,-0.0003444189205765724,0.21175342798233032,0.003563458,0.003125,0.5834888219833374,2010,0.0003,0.025772924162447454
-0.20851778999999998,203,12992,1.0,1144,11,-0.005317443981766701,0.2,-1.757432222366333,0.009988712146878242,0.1384592056274414,0.008401273,0.040625,0.5818573236465454,2020,0.0003,0.033474859595298764
-0.22291746,204,13056,1.0,1145,11,-0.0077071207575500015,0.2,-1.7517601013183595,0.004718136042356491,0.04145592451095581,0.0016499544,0.0,0.5803571343421936,2030,0.0003,0.051293371617794035
-0.19886299999999996,205,13120,1.0,1146,11,-0.01138386521488428,0.2,-1.7468778252601624,-0.004227037541568279,0.10089361667633057,0.006979905,0.028125,0.5789563655853271,2040,0.0003,0.029548026248812677
-0.19423181999999997,206,13184,1.0,1147,11,-0.011028213426470757,0.2,-1.7417600870132446,-0.006850453093647957,0.08068197965621948,0.010954879,0.0328125,0.5773948431015015,2050,0.0003,0.031973715499043466
-0.21810228000000006,207,13248,1.0,1147,11,-0.001570884231477976,0.2,-1.7364712595939635,-0.006542902439832687,0.14948880672454834,0.0014525391,0.0,0.576027512550354,2060,0.0003,0.02300039567053318
-0.19692449999999997,208,13312,1.0,1148,11,3.2533518970012663e-05,0.2,-1.731584644317627,0.009882725775241852,0.13503974676132202,0.00035298988,0.0,0.5743361711502075,2070,0.0003,0.02888255175203085
-0.20879713000000003,209,13376,1.0,1149,11,-0.005225879326462746,0.2,-1.7250404834747315,0.00603762362152338,0.09349864721298218,0.0056283157,0.034375,0.5724201202392578,2080,0.0003,0.02774985060095787
-0.21009168,210,13440,1.0,1150,11,-0.0024274805560708045,0.2,-1.7188151240348817,0.007425995543599129,0.15703803300857544,0.0019437559,0.0,0.570641279220581,2090,0.0003,0.03099288884550333
-0.19547448999999997,211,13504,1.0,1150,11,-0.01628109999001026,0.2,-1.7125784277915954,8.633360266685486e-06,-0.08239078521728516,0.009558764,0.05,0.5689400434494019,2100,0.0003,0.04870097115635872
-0.19324819000000001,212,13568,1.0,1150,11,-0.00657681180164218,0.2,-1.7066391587257386,0.001722157932817936,0.1661089062690735,0.010486743,0.0296875,0.5672434568405151,2110,0.0003,0.027588790468871593
-0.19101538000000004,213,13632,1.0,1151,11,-0.005739583261311054,0.2,-1.7009620785713195,0.008113260380923748,0.21073204278945923,0.008243772,0.0453125,0.565903902053833,2120,0.0003,0.026359285414218902
-0.20798646,214,13696,1.0,1151,11,-0.031450909283012154,0.2,-1.6974331855773925,-0.04920639842748642,0.2013116478919983,0.01615604,0.0671875,0.5652533173561096,2130,0.0003,0.019898352213203907
-0.20237595,215,13760,1.0,1151,11,-0.010875046066939831,0.2,-1.6947785854339599,0.0033721700310707092,0.10632628202438354,0.018230071,0.1046875,0.5642352104187012,2140,0.0003,0.027856015600264072
-0.17954479999999998,216,13824,1.0,1152,11,-0.006489073671400547,0.2,-1.690471065044403,-0.0048765987157821655,0.1516554355621338,0.0032679792,0.00625,0.5628595352172852,2150,0.0003,0.020490570180118083
-0.18468901,217,13888,1.0,1153,12,-0.013006605301052332,0.2,-1.6856451511383057,-0.013092931360006332,-0.07587885856628418,0.004609843,0.0046875,0.5616189241409302,2160,0.0003,0.04162394367158413
-0.16685569,218,13952,1.0,1154,12,-0.005797135503962636,0.2,-1.6814418315887452,0.0046290201134979725,0.1369941234588623,0.0129455235,0.0640625,0.5603364706039429,2170,0.0003,0.02311731465160847
-0.16107482999999997,219,14016,1.0,1154,12,-0.007058995589613914,0.2,-1.6762762904167174,-0.010500550270080566,0.12158864736557007,0.0023431443,0.0015625,0.5587442517280579,2180,0.0003,0.01703683128580451
-0.20294493000000002,220,14080,1.0,1155,12,-0.022273368714377285,0.2,-1.6707897067070008,-0.0307721309363842,0.12697327136993408,0.010172738,0.04375,0.557365894317627,2190,0.0003,0.023231972754001618
-0.17805919000000003,221,14144,1.0,1155,12,0.005666042026132345,0.2,-1.666020154953003,0.01491369865834713,0.1810283660888672,0.0007127272,0.0,0.556093156337738,2200,0.0003,0.033412490598857404
-0.176063,222,14208,1.0,1156,12,-0.007639197912067175,0.2,-1.6611040592193604,0.0032102754339575768,0.0842546820640564,0.0055571357,0.028125,0.5544897317886353,2210,0.0003,0.03117957469075918
-0.19538566999999996,223,14272,1.0,1156,12,-0.020298918429762124,0.2,-1.6555079698562623,-0.024118414148688316,0.09526169300079346,0.010235564,0.028125,0.5531526803970337,2220,0.0003,0.03380318284034729
-0.20336649,224,14336,1.0,1156,12,-0.003859723266214132,0.2,-1.650711965560913,0.009978948161005974,0.11120820045471191,0.00540704,0.009375,0.5516747832298279,2230,0.0003,0.035192422568798065
-0.21023941999999998,225,14400,1.0,1157,12,-0.016497580148279668,0.2,-1.6451968789100646,-0.008484069257974625,0.04897826910018921,0.0065848306,0.01875,0.5502794981002808,2240,0.0003,0.039617407321929934
-0.21695144000000002,226,14464,1.0,1157,12,-0.003924183081835508,0.2,-1.64024920463562,0.0001378701999783516,0.1474933624267578,0.005334926,0.0015625,0.5488988757133484,2250,0.0003,0.02620842307806015
-0.16839966999999997,227,14528,1.0,1158,12,-0.0010848058387637137,0.2,-1.6353228092193604,0.006408607587218285,0.04140043258666992,0.0012908354,0.0,0.547661542892456,2260,0.0003,0.05699817538261413
-0.14984434,228,14592,1.0,1159,12,-0.003914944268763066,0.2,-1.630987775325775,0.003478825092315674,-0.002379179000854492,0.0042201085,0.009375,0.5464410781860352,2270,0.0003,0.03458149954676628
-0.18926816999999996,229,14656,1.0,1159,12,-0.016263145580887796,0.2,-1.6263339161872863,-0.017619362100958824,0.031331419944763184,0.008547112,0.021875,0.5451033115386963,2280,0.0003,0.028412686288356782
-0.14313730000000002,230,14720,1.0,1160,12,0.0035210369154810906,0.2,-1.6213581323623658,0.014109523966908455,0.06046265363693237,0.0005852636,0.0,0.5437546968460083,2290,0.0003,0.034106743335723874
-0.15860634999999998,231,14784,1.0,1160,12,-0.0008514388930052519,0.2,-1.616450297832489,0.0041174557991325855,0.02177220582962036,0.0014626309,0.0,0.5423761606216431,2300,0.0003,0.0236162219196558
-0.18481957999999998,232,14848,1.0,1161,12,-0.0028008426539599895,0.2,-1.611368191242218,0.0030394932255148888,0.12791883945465088,0.0012409845,0.0,0.5409984588623047,2310,0.0003,0.035683204606175425
-0.17067999999999997,233,14912,1.0,1162,12,-0.0034814937971532345,0.2,-1.606625747680664,0.008087188005447388,0.003125131130218506,0.006088364,0.015625,0.5398330688476562,2320,0.0003,0.04187241569161415
-0.1712346,234,14976,1.0,1163,12,-0.003708307072520256,0.2,-1.6019956469535828,0.007359737530350685,0.008707761764526367,0.0019375617,0.003125,0.5383015275001526,2330,0.0003,0.033519305288791656
-0.17030231999999998,235,15040,1.0,1163,12,-0.014210710022598504,0.2,-1.5960490107536316,-0.014980753883719444,0.11583828926086426,0.008594305,0.028125,0.5368345975875854,2340,0.0003,0.02554644923657179
-0.19643062,236,15104,1.0,1164,12,-0.007590320147573948,0.2,-1.5908417701721191,-0.0040911296382546425,0.15361082553863525,0.0068196673,0.0203125,0.5354312062263489,2350,0.0003,0.02462994996458292
-0.18868585,237,15168,1.0,1164,13,-0.013704155385494233,0.2,-1.5856658458709716,0.0023382268846035004,0.05873095989227295,0.011952135,0.0578125,0.5340861678123474,2360,0.0003,0.0390634048730135
-0.17189648,238,15232,1.0,1164,13,-0.013295826874673367,0.2,-1.5807933688163758,-0.010122936218976974,0.10329663753509521,0.0070764925,0.0140625,0.532757043838501,2370,0.0003,0.02857486456632614
-0.20176864000000003,239,15296,1.0,1165,13,-0.003762683551758528,0.2,-1.5758188605308532,-0.006845833733677864,0.0783013105392456,0.002759559,0.003125,0.5315309166908264,2380,0.0003,0.020521203614771368
-0.20286006000000004,240,15360,1.0,1165,13,0.0021540805231779815,0.2,-1.571634840965271,0.009577859193086624,0.005701124668121338,0.0006515272,0.0,0.5305271148681641,2390,0.0003,0.04244875907897949
-0.15906742999999998,241,15424,1.0,1166,13,-0.002398450253531337,0.2,-1.5676146268844604,0.013908745720982552,0.049802422523498535,0.0056008706,0.0265625,0.5293607711791992,2400,0.0003,0.03445881307125091
-0.19735741,242,15488,1.0,1167,13,-0.007547072786837816,0.2,-1.5628489971160888,-0.0024563269689679146,0.15458768606185913,0.0047023054,0.0125,0.5278705358505249,2410,0.0003,0.025532015971839427
-0.2074863,243,15552,1.0,1167,13,-0.009830940514802933,0.2,-1.5567547917366027,-0.00896577537059784,0.11307734251022339,0.0046600355,0.0046875,0.5263215899467468,2420,0.0003,0.03673666231334209
-0.17732075000000008,244,15616,1.0,1168,13,-0.016307004541158677,0.2,-1.5513941168785095,-0.006036883220076561,0.05831170082092285,0.015881747,0.1,0.5250940322875977,2430,0.0003,0.03420140780508518
-0.18909562000000002,245,15680,1.0,1168,13,-0.02736623603850603,0.2,-1.547405230998993,-0.05241953581571579,0.05731433629989624,0.008348448,0.0265625,0.5242607593536377,2440,0.0003,0.023985256254673005
-0.1573273,246,15744,1.0,1169,13,0.006717367097735405,0.2,-1.5444460749626159,0.02076954022049904,0.05135399103164673,0.0017557107,0.0,0.5234949588775635,2450,0.0003,0.04273358806967735
-0.16963343000000006,247,15808,1.0,1170,13,-0.011044471524655819,0.2,-1.541485607624054,-0.019391214475035667,0.034805893898010254,0.004011171,0.0015625,0.5227495431900024,2460,0.0003,0.020116074196994304
-0.16988921,248,15872,1.0,1170,13,-0.011002825293689966,0.2,-1.5385193824768066,-0.01566718891263008,0.15789496898651123,0.007631737,0.0265625,0.5218983292579651,2470,0.0003,0.027587107568979263
-0.14437784999999997,249,15936,1.0,1171,13,-0.004715170990675688,0.2,-1.534483289718628,-0.004828793928027153,0.15921252965927124,0.0029596211,0.0015625,0.5205609798431396,2480,0.0003,0.0184422155842185
-0.15685907,250,16000,1.0,1171,13,-0.01148415608331561,0.2,-1.5292976140975951,-0.013104349374771118,-0.10841047763824463,0.0043319324,0.00625,0.5193580389022827,2490,0.0003,0.030580263957381247
-0.18808701,251,16064,1.0,1172,13,-0.0018048228695988656,0.2,-1.5244749307632446,0.010274263098835945,0.12947112321853638,0.0044910014,0.009375,0.5178542137145996,2500,0.0003,0.028039003349840642
-0.17181793000000004,252,16128,1.0,1173,13,-0.006527692545205355,0.2,-1.5183907985687255,-0.004125036299228668,0.05400705337524414,0.0035184305,0.0015625,0.5163042545318604,2510,0.0003,0.030148701183497904
-0.17361462,253,16192,1.0,1173,13,-0.011906628357246518,0.2,-1.5124116778373717,-0.0048042237758636475,0.1363680362701416,0.014562524,0.065625,0.5147141218185425,2520,0.0003,0.031259214878082274
-0.19024280000000002,254,16256,1.0,1174,13,-0.0044963871594518425,0.2,-1.5059175372123719,0.005758460611104965,0.04802119731903076,0.0023396742,0.0015625,0.5129345059394836,2530,0.0003,0.04230351448059082
-0.18018447999999998,255,16320,1.0,1174,13,-0.030496066622436046,0.2,-1.4994779825210571,-0.017477761954069138,0.010676443576812744,0.024250766,0.134375,0.5115139484405518,2540,0.0003,0.04358924552798271
-0.17532927,256,16384,1.0,1175,13,-0.005166074167937041,0.2,-1.4939587116241455,0.0017721494659781456,0.09002149105072021,0.0032715686,0.0,0.5100103616714478,2550,0.0003,0.02816531378775835
-0.18029581,257,16448,1.0,1175,13,-0.002547471784055233,0.2,-1.4878703594207763,0.006742604076862335,0.04678589105606079,0.0011196956,0.0,0.5084511041641235,2560,0.0003,0.03992626816034317
-0.21093569,258,16512,1.0,1176,14,-0.028597662039101125,0.2,-1.482169222831726,-0.025103216990828514,0.01165008544921875,0.018915612,0.103125,0.5071243047714233,2570,0.0003,0.0350912120193243
-0.17272321999999996,259,16576,1.0,1177,14,-0.0031543475575745105,0.2,-1.4769203305244445,0.005304919555783272,0.14382404088974,0.0015923548,0.0,0.5057557821273804,2580,0.0003,0.03829820491373539
-0.15072914,260,16640,1.0,1177,14,0.0011167731136083603,0.2,-1.4711961269378662,0.010834140703082085,-0.008223176002502441,8.361228e-05,0.0,0.5041514039039612,2590,0.0003,0.03079710155725479
-0.18018893999999996,261,16704,1.0,1178,14,-0.010963558219373226,0.2,-1.4646010160446168,-0.00037045497447252274,0.03438466787338257,0.009645514,0.0421875,0.5024327039718628,2600,0.0003,0.029393792152404785
-0.19738978999999998,262,16768,1.0,1179,14,-0.003227253584191203,0.2,-1.4575567483901977,0.006986692547798157,0.10293704271316528,0.001432321,0.0,0.5005412101745605,2610,0.0003,0.031203327886760234
-0.19675377000000002,263,16832,1.0,1179,14,-0.023459376581013203,0.2,-1.4503747344017028,-0.019467351958155632,0.06496560573577881,0.014037563,0.0671875,0.4990020990371704,2620,0.0003,0.034769217297434804
-0.16849456,264,16896,1.0,1180,14,-0.011197264399379491,0.2,-1.4450440406799316,0.003990232944488525,-0.0099869966506958,0.0061477553,0.0359375,0.4978633522987366,2630,0.0003,0.03814125061035156
-0.19934557999999997,265,16960,1.0,1180,14,-0.010175662487745285,0.2,-1.4408881545066834,-0.008884843438863754,0.11495405435562134,0.008316053,0.0234375,0.496846079826355,2640,0.0003,0.02588400635868311
-0.19302056999999997,266,17024,1.0,1181,14,-0.003620519069954753,0.2,-1.4359050035476684,0.008562730625271797,0.061062633991241455,0.003007098,0.0046875,0.49525296688079834,2650,0.0003,0.035441355779767036
-0.17451703999999998,267,17088,1.0,1182,14,-0.003939744271337986,0.2,-1.4290749788284303,0.004777748137712479,0.08197695016860962,0.0018438622,0.0,0.4935963451862335,2660,0.0003,0.030795875936746597
-0.18183565000000002,268,17152,1.0,1182,14,-0.0023285049945116045,0.2,-1.4222010374069214,0.004248257726430893,0.1357893943786621,0.001150257,0.0,0.4917451739311218,2670,0.0003,0.020985865592956544
-0.15998448,269,17216,1.0,1182,14,-0.006271497532725334,0.2,-1.4144896149635315,-0.003843630664050579,0.15479165315628052,0.0024311552,0.0,0.4899072051048279,2680,0.0003,0.021833856403827668
-0.13932018,270,17280,1.0,1183,14,-0.0074268713593482975,0.2,-1.4070871353149415,-0.0021833637729287148,0.11582326889038086,0.0037811091,0.0078125,0.48807793855667114,2690,0.0003,0.026607891917228697
-0.15987333,271,17344,1.0,1183,14,-0.02680027186870575,0.2,-1.4000216960906982,-0.03587855398654938,0.06851321458816528,0.01659665,0.0671875,0.486549973487854,2700,0.0003,0.01934860609471798
-0.17349481000000005,272,17408,1.0,1184,14,-0.0030065674334764482,0.2,-1.3939671158790587,-0.0016900235787034035,0.0623435378074646,0.002416635,0.003125,0.4851245880126953,2710,0.0003,0.030644533410668372
-0.15816266999999998,273,17472,1.0,1185,14,-0.021435180818662046,0.2,-1.3883528470993043,-0.0034497566521167755,0.005778908729553223,0.018563628,0.1203125,0.48377466201782227,2720,0.0003,0.04418285600841045
-0.14587038000000002,274,17536,1.0,1185,14,-0.013290685787796973,0.2,-1.3830228090286254,-0.014774668961763382,0.08464241027832031,0.009323162,0.021875,0.48258036375045776,2730,0.0003,0.029230062663555146
-0.15042109,275,17600,1.0,1186,14,-0.00018898127600550652,0.2,-1.3781614303588867,-0.0017804447561502457,0.01144176721572876,0.0009501241,0.0,0.4814545512199402,2740,0.0003,0.0319875743240118
-0.18826113,276,17664,1.0,1186,14,-0.0004486881196498871,0.2,-1.3731958746910096,0.007603438571095467,0.11597484350204468,0.0012941435,0.0,0.4800596833229065,2750,0.0003,0.025969773158431055
-0.17903171,277,17728,1.0,1187,14,-0.004943599551916122,0.2,-1.3672074794769287,0.0004980340600013733,0.1365543007850647,0.003054048,0.0015625,0.47868451476097107,2760,0.0003,0.03392656333744526
-0.16535528000000002,278,17792,1.0,1187,14,-0.010544600803405047,0.2,-1.3615808725357055,0.0054908329620957375,0.06849241256713867,0.01265733,0.078125,0.47732579708099365,2770,0.0003,0.037830882519483564
-0.15488611000000002,279,17856,1.0,1187,15,-0.009758189506828784,0.2,-1.356228494644165,-0.009362605400383472,0.15395772457122803,0.010344535,0.0265625,0.47619393467903137,2780,0.0003,0.02147976905107498
-0.16593377999999998,280,17920,1.0,1187,15,-0.0009200084023177624,0.2,-1.3513033986091614,0.007864417508244514,0.07684659957885742,0.0013725152,0.0,0.4748899042606354,2790,0.0003,0.031110714189708233
-0.16793725999999995,281,17984,1.0,1188,15,-0.002710252068936825,0.2,-1.3451165556907654,0.009407629258930683,0.07993549108505249,0.004877366,0.021875,0.47322651743888855,2800,0.0003,0.02554994598031044
-0.1349127,282,18048,1.0,1188,15,-0.01148325577378273,0.2,-1.3382705807685853,-0.006745507940649986,0.04199552536010742,0.008563107,0.0296875,0.47169381380081177,2810,0.0003,0.029903353564441203
-0.16625571000000006,283,18112,1.0,1188,15,-0.017745177261531353,0.2,-1.3319190621376038,-0.018889116123318672,0.07551050186157227,0.011110863,0.0578125,0.4702794551849365,2820,0.0003,0.02000719718635082
-0.18712633,284,18176,1.0,1188,15,3.6787032149732114e-05,0.2,-1.3260674118995666,0.012121516279876232,0.02680349349975586,0.0004952457,0.0,0.4689062833786011,2830,0.0003,0.03539690151810646
-0.15885017,285,18240,1.0,1189,15,-0.02010376681573689,0.2,-1.3206653714179992,-0.01866711489856243,0.05923128128051758,0.013118229,0.0421875,0.46784305572509766,2840,0.0003,0.05102353617548942
-0.18188973,286,18304,1.0,1189,15,0.0018905481323599816,0.2,-1.3162138223648072,0.011857123114168644,0.034162938594818115,0.0010793833,0.0,0.4667145013809204,2850,0.0003,0.0279921505600214
-0.16973059,287,18368,1.0,1190,15,-0.003135682549327612,0.2,-1.3112130165100098,0.011244663968682289,0.025937139987945557,0.000584797,0.0,0.46554839611053467,2860,0.0003,0.04935738407075405
-0.15654443,288,18432,1.0,1190,15,-0.005748857185244561,0.2,-1.3060049295425415,0.000759512186050415,0.12488007545471191,0.004293437,0.009375,0.4642025828361511,2870,0.0003,0.02149914689362049
-0.15950039,289,18496,1.0,1190,15,-0.01173915434628725,0.2,-1.300019669532776,-0.007675131782889366,0.039753496646881104,0.013201991,0.0515625,0.4628370702266693,2880,0.0003,0.0232754934579134
-0.15170817,290,18560,1.0,1191,15,-0.0034557628445327283,0.2,-1.2942283272743225,0.0003428962081670761,0.05495637655258179,0.001285567,0.0,0.46156036853790283,2890,0.0003,0.029385289736092092
-0.13378164,291,18624,1.0,1191,15,-0.0016385382972657681,0.2,-1.2884982585906983,0.00420750118792057,0.1281793713569641,0.0012184167,0.0,0.46012037992477417,2900,0.0003,0.021825610287487508
-0.15864963999999998,292,18688,1.0,1192,15,-0.012883541639894247,0.2,-1.2820215582847596,-0.012457985430955887,-0.04703319072723389,0.008153026,0.021875,0.45865485072135925,2910,0.0003,0.02876052651554346
-0.17747131000000002,293,18752,1.0,1192,15,0.00026824139058589935,0.2,-1.2760075330734253,0.009095193818211555,-0.059893131256103516,0.0002919957,0.0,0.4574490785598755,2920,0.0003,0.03294310085475445
-0.19699428000000005,294,18816,1.0,1192,15,-0.011600997485220432,0.2,-1.2709211230278015,-0.0008634794503450394,0.06853622198104858,0.0074900566,0.034375,0.4562366008758545,2930,0.0003,0.03215155005455017
-0.16657729,295,18880,1.0,1193,15,-0.008375260699540376,0.2,-1.2657191157341003,-0.0005749724805355072,0.003444194793701172,0.0042001856,0.0046875,0.4551510810852051,2940,0.0003,0.04394597187638283
-0.17226961,296,18944,1.0,1193,15,-0.005467587057501078,0.2,-1.2611281752586365,-0.0023631341755390167,0.08230870962142944,0.0023920685,0.0,0.45411694049835205,2950,0.0003,0.032297533750534055
-0.18755645999999998,297,19008,1.0,1194,15,-0.017563266213983297,0.2,-1.2565619349479675,-0.009876999072730541,0.1276291012763977,0.022801954,0.1578125,0.4530794024467468,2960,0.0003,0.022510259598493575
-0.15310211999999998,298,19072,1.0,1194,15,-0.008856140915304423,0.2,-1.251750898361206,0.0007320474833250046,0.08317792415618896,0.0034151766,0.0078125,0.4518405795097351,2970,0.0003,0.040939204022288324
-0.16157185000000002,299,19136,1.0,1194,16,-0.005072312522679567,0.2,-1.2455933570861817,-0.0031720204278826714,0.13738805055618286,0.0024178252,0.0,0.4503096342086792,2980,0.0003,0.02371125388890505
-0.1497839,300,19200,1.0,1195,16,-7.427390664815903e-05,0.2,-1.2384413719177245,0.012846963480114937,0.0906074047088623,0.00011721067,0.0,0.448591947555542,2990,0.0003,0.03307020515203476
-0.13613198,301,19264,1.0,1195,16,-0.004020299483090639,0.2,-1.2305964708328248,0.007543629035353661,0.0275457501411438,0.0029412685,0.0046875,0.4468129277229309,3000,0.0003,0.028283558040857314
-0.15808404,302,19328,1.0,1196,16,-0.012183530628681183,0.2,-1.2235180258750915,-0.01211866457015276,0.00012934207916259766,0.0073332293,0.015625,0.4455808699131012,3010,0.0003,0.02717982865869999
-0.12115621999999998,303,19392,1.0,1196,16,-0.013219074439257383,0.2,-1.2188650250434876,-0.005273632705211639,-0.12153732776641846,0.012779883,0.05,0.44474923610687256,3020,0.0003,0.03481823056936264
-0.14773433,304,19456,1.0,1197,16,-0.003679587133228779,0.2,-1.2154188752174377,-0.008932359516620636,-0.047209978103637695,0.0018439572,0.0,0.4439469277858734,3030,0.0003,0.017775262147188185
-0.13441530000000002,305,19520,1.0,1197,16,-0.0015451710671186448,0.2,-1.211623764038086,-0.00145745649933815,0.02781015634536743,0.002319377,0.003125,0.44311076402664185,3040,0.0003,0.03433537408709526
-0.13235949000000002,306,19584,1.0,1198,16,-0.0031895761378109453,0.2,-1.2073895335197449,0.0016911057755351067,0.1099858283996582,0.0020751944,0.0,0.4418972134590149,3050,0.0003,0.019181148335337638
-0.14208609,307,19648,1.0,1198,16,-0.007847447786480189,0.2,-1.2014165282249452,-0.0052686287090182304,0.04372936487197876,0.0029924018,0.00625,0.4405587911605835,3060,0.0003,0.024479673802852632
-0.13524550999999999,308,19712,1.0,1199,16,0.0009873852133750916,0.2,-1.1957047581672668,0.011442020535469055,-0.037490248680114746,0.00059949514,0.0,0.4393792152404785,3070,0.0003,0.036934856325387955
-0.16236813000000003,309,19776,1.0,1199,16,-0.0074857909232378,0.2,-1.1903001070022583,-0.0046263523399829865,-0.017972946166992188,0.0062286844,0.0140625,0.4381149411201477,3080,0.0003,0.019880924373865128
-0.18868638000000001,310,19840,1.0,1200,16,-0.007699782587587833,0.2,-1.1843303084373473,0.011514843441545963,0.05949854850769043,0.015586712,0.0890625,0.43684858083724976,3090,0.0003,0.037639648839831355
-0.14952062000000002,311,19904,1.0,1200,16,-0.023233044706285,0.2,-1.1793149948120116,-0.02686740830540657,0.04237884283065796,0.019484539,0.0734375,0.4359287619590759,3100,0.0003,0.02582980114966631
-0.14079062,312,19968,1.0,1200,16,-0.00026177512481808665,0.2,-1.1750518560409546,0.000690133310854435,0.1855219602584839,0.00042821374,0.0,0.43502724170684814,3110,0.0003,0.015628884267061948
-0.15631361999999996,313,20032,1.0,1200,16,-0.0024815283250063658,0.2,-1.1702760338783265,0.015471357852220535,-0.03078293800354004,0.004944073,0.01875,0.4337030053138733,3120,0.0003,0.03893601931631565
-0.18547822999999997,314,20096,1.0,1201,16,-0.008791993651539088,0.2,-1.1640685558319093,-0.003239953890442848,0.12015974521636963,0.006369115,0.0125,0.4324631989002228,3130,0.0003,0.030457214452326298
-0.15600944,315,20160,1.0,1201,16,-0.011179384589195252,0.2,-1.1588092207908631,-0.019986718893051147,-0.0456080436706543,0.004401313,0.00625,0.43151044845581055,3140,0.0003,0.030062919855117796
-0.14549249,316,20224,1.0,1202,16,-0.0004408520646393299,0.2,-1.1542696952819824,0.009455129504203796,0.024410128593444824,0.00259119,0.0,0.43032950162887573,3150,0.0003,0.024332786910235882
-0.13913243,317,20288,1.0,1202,16,-0.012947984226047992,0.2,-1.1486976504325868,-0.02937234193086624,0.10759186744689941,0.005100038,0.00625,0.4293084740638733,3160,0.0003,0.015820174477994442
-0.12822872999999999,318,20352,1.0,1203,16,-0.013316921703517438,0.2,-1.1444160223007203,-0.0016374560073018074,0.09031099081039429,0.019203965,0.1390625,0.4283686876296997,3170,0.0003,0.022570821084082128
-0.14960448999999998,319,20416,1.0,1203,16,-0.009424825618043541,0.2,-1.1399269819259643,-0.011862417683005333,0.07400244474411011,0.006200593,0.015625,0.4273979663848877,3180,0.0003,0.017691695131361485
-0.16271026,320,20480,1.0,1204,17,-0.0006931089796125889,0.2,-1.1347618222236633,0.014315024018287659,0.04013502597808838,0.0035067517,0.0046875,0.42606011033058167,3190,0.0003,0.034530865773558614
-0.16007209,321,20544,1.0,1204,17,-0.011552914418280125,0.2,-1.1286766171455382,0.005474571138620377,0.039488911628723145,0.009310932,0.03125,0.42497655749320984,3200,0.0003,0.044126761704683305
-0.15369415,322,20608,1.0,1204,17,-0.010724586062133312,0.2,-1.1242340087890625,-0.012604137882590294,0.07711130380630493,0.00435873,0.003125,0.4240826368331909,3210,0.0003,0.02361100595444441
-0.15308433999999999,323,20672,1.0,1205,17,-0.005662932712584734,0.2,-1.1194109439849853,0.004306331276893616,0.028926730155944824,0.009977118,0.05,0.4228430986404419,3220,0.0003,0.025011425279080866
-0.13671162,324,20736,1.0,1205,17,-0.013529567793011666,0.2,-1.1132554411888123,-0.01159394159913063,0.06057006120681763,0.0116682835,0.0390625,0.4215691089630127,3230,0.0003,0.022960149496793748
-0.14580723999999998,325,20800,1.0,1205,17,-0.005591326393187046,0.2,-1.1071031451225282,0.0036609768867492676,0.029581844806671143,0.0037931278,0.0078125,0.4202759861946106,3240,0.0003,0.03351661711931229
-0.1445317,326,20864,1.0,1206,17,-0.009369590599089862,0.2,-1.101091742515564,0.00331231951713562,-0.05459320545196533,0.0047457507,0.0375,0.41901469230651855,3250,0.0003,0.03382802978157997
-0.13562737,327,20928,1.0,1206,17,-0.002897465880960226,0.2,-1.0946284770965575,0.0034843087196350098,0.1332077980041504,0.0017574434,0.0,0.41748642921447754,3260,0.0003,0.02178988792002201
-0.14217345,328,20992,1.0,1206,17,-0.005781638622283936,0.2,-1.087342882156372,-0.00919958297163248,0.22508645057678223,0.003157618,0.0015625,0.41610366106033325,3270,0.0003,0.017361315526068212
-0.13453903,329,21056,1.0,1206,17,-0.01649411367252469,0.2,-1.0815635800361634,-0.018105968832969666,-0.01219034194946289,0.011779365,0.0375,0.4150835871696472,3280,0.0003,0.025268007814884186
-0.11868173999999998,330,21120,1.0,1206,17,-0.007109173387289047,0.2,-1.076581025123596,0.0017265686765313148,0.023272156715393066,0.007118849,0.0296875,0.4138977527618408,3290,0.0003,0.026242575049400328
-0.10846595999999999,331,21184,1.0,1207,17,-0.022414942923933267,0.2,-1.0709243178367616,-0.041016917675733566,0.0658341646194458,0.012912708,0.040625,0.41282570362091064,3300,0.0003,0.013311077002435922
-0.13857961,332,21248,1.0,1207,17,-0.0043598834425210954,0.2,-1.0657752990722655,-0.008659066632390022,0.05830204486846924,0.0027482044,0.0,0.4117405414581299,3310,0.0003,0.01673777773976326
-0.14197788000000003,333,21312,1.0,1207,17,-0.013236242346465588,0.2,-1.0609043836593628,-0.011166434735059738,0.06054115295410156,0.010945589,0.0453125,0.4108871817588806,3320,0.0003,0.028088984824717046
-0.15826161,334,21376,1.0,1208,17,0.0008426322601735592,0.2,-1.0569501161575316,0.008453628048300743,-0.057303786277770996,0.00037158746,0.0,0.4100342392921448,3330,0.0003,0.030968333035707472
-0.12953803,335,21440,1.0,1208,17,-0.0014737507794052363,0.2,-1.0525946021080017,0.00260121189057827,0.02314293384552002,0.00075237313,0.0,0.40912777185440063,3340,0.0003,0.033962325751781465
-0.13758492000000003,336,21504,1.0,1208,17,-0.017836396023631094,0.2,-1.048381245136261,-0.010421810671687126,0.05188286304473877,0.007755137,0.0546875,0.40835678577423096,3350,0.0003,0.028774317167699338
-0.13917891999999998,337,21568,1.0,1208,17,-0.00669927173294127,0.2,-1.0448397040367126,-0.009144656360149384,0.04895263910293579,0.002709467,0.0015625,0.4076421856880188,3360,0.0003,0.03981165662407875
-0.12176648,338,21632,1.0,1209,17,-0.011136809084564447,0.2,-1.0411584377288818,-0.016045495867729187,-0.05899858474731445,0.0036550686,0.0140625,0.40688854455947876,3370,0.0003,0.03269023485481739
-0.13519663,339,21696,1.0,1209,17,-0.008893509674817324,0.2,-1.0374335527420044,0.0006969571113586426,-0.060849666595458984,0.013744017,0.0875,0.4060938358306885,3380,0.0003,0.01853915862739086
-0.12583165000000002,340,21760,1.0,1210,17,-0.011597059294581413,0.2,-1.0334496974945069,-0.00230453722178936,0.0671045184135437,0.008558074,0.028125,0.4052337408065796,3390,0.0003,0.03610822185873985
-0.13782088,341,21824,1.0,1210,18,-0.0038061225786805153,0.2,-1.02826828956604,-0.0019476218149065971,0.12459057569503784,0.0014107875,0.0,0.4039425551891327,3400,0.0003,0.01838750671595335
-0.13741987,342,21888,1.0,1211,18,-0.01238092379644513,0.2,-1.0215685844421387,-0.010359515435993671,0.147790789604187,0.009665034,0.0453125,0.4026435315608978,3410,0.0003,0.024084342271089555
-0.15866286999999998,343,21952,1.0,1211,18,-0.0014979370404034852,0.2,-1.0158408880233765,-0.0011505139991641045,0.05878794193267822,0.00041101873,0.0,0.4016891121864319,3420,0.0003,0.02091038729995489
-0.1238055,344,22016,1.0,1211,18,-0.0005866218358278275,0.2,-1.0107581615447998,0.013400305993855,0.08720821142196655,0.0010695071,0.0,0.40042921900749207,3430,0.0003,0.032274655252695086
-0.14885134,345,22080,1.0,1212,18,-0.003586113452911377,0.2,-1.0038205146789552,0.0008720057085156441,0.04942554235458374,0.0014293673,0.0,0.3990330100059509,3440,0.0003,0.021548445522785186
-0.14150307,346,22144,1.0,1212,18,-0.01919783614575863,0.2,-0.9973649382591248,-0.007236544042825699,-0.0076808929443359375,0.0108041,0.040625,0.39786815643310547,3450,0.0003,0.042692345753312114
-0.13346912,347,22208,1.0,1212,18,-0.0012670863419771195,0.2,-0.9912928342819214,0.007968339137732983,0.08678698539733887,0.00044603134,0.0,0.3965192437171936,3460,0.0003,0.026407997496426104
-0.15770091,348,22272,1.0,1213,18,-0.005328449886292219,0.2,-0.9843371510505676,0.008241916075348854,-0.00783228874206543,0.004290141,0.009375,0.3952082395553589,3470,0.0003,0.03426731415092945
-0.12434401999999999,349,22336,1.0,1213,18,-0.003796693868935108,0.2,-0.9777183413505555,0.004117386415600777,0.03149127960205078,0.0018947837,0.0,0.3938225209712982,3480,0.0003,0.028264447674155237
-0.12824329,350,22400,1.0,1213,18,-0.017781162448227406,0.2,-0.9707401871681214,-0.025877051055431366,0.07432621717453003,0.00904843,0.0328125,0.3925776481628418,3490,0.0003,0.0195809094235301
-0.13152096,351,22464,1.0,1214,18,-0.0024982291273772717,0.2,-0.9644955813884735,0.006836399435997009,-0.01602005958557129,0.005450681,0.0109375,0.3912532329559326,3500,0.0003,0.027150805853307248
-0.13774744,352,22528,1.0,1214,18,-0.005807876959443093,0.2,-0.9571650922298431,0.005777968093752861,0.09661996364593506,0.0053580785,0.021875,0.38974326848983765,3510,0.0003,0.02807368468493223
-0.14472375999999998,353,22592,1.0,1214,18,-0.02363309357315302,0.2,-0.9503099918365479,-0.03657716512680054,0.07361209392547607,0.012890316,0.04375,0.388694703578949,3520,0.0003,0.02216129023581743
-0.12778793,354,22656,1.0,1214,18,-0.010424199886620045,0.2,-0.9453682243824005,-0.004169059917330742,0.024523258209228516,0.010315169,0.0359375,0.3877098560333252,3530,0.0003,0.03296530097723007
-0.11029181000000002,355,22720,1.0,1215,18,-0.013135944865643978,0.2,-0.9402402579784394,-0.0034057078883051872,0.02192556858062744,0.01056093,0.0578125,0.3867579996585846,3540,0.0003,0.02420729212462902
-0.11247948999999999,356,22784,1.0,1215,18,-0.011403674911707639,0.2,-0.9354706048965454,-0.014353031292557716,-0.0748525857925415,0.0028500003,0.003125,0.38577815890312195,3550,0.0003,0.030364545248448848
-0.11214690999999996,357,22848,1.0,1215,18,-0.005887541081756353,0.2,-0.9298798561096191,0.00029378384351730347,0.060828208923339844,0.0058768485,0.01875,0.3846229910850525,3560,0.0003,0.023691765405237673
-0.11845007,358,22912,1.0,1215,18,-0.018653120379894972,0.2,-0.9241418361663818,-0.03082450106739998,0.031562209129333496,0.016178928,0.0546875,0.38364851474761963,3570,0.0003,0.012550560384988784
-0.14753439,359,22976,1.0,1216,18,-0.002345459535717964,0.2,-0.9192490756511689,-0.002020367421209812,0.09179532527923584,0.0028845575,0.00625,0.3827344477176666,3580,0.0003,0.02582740634679794
-0.15464677000000002,360,23040,1.0,1216,18,-0.02334045646712184,0.2,-0.9148348152637482,-0.01956433802843094,0.08069777488708496,0.019616038,0.0890625,0.3819873332977295,3590,0.0003,0.03524752408266067
-0.14432991,361,23104,1.0,1216,18,-0.01071584764868021,0.2,-0.9109538733959198,-0.015679175034165382,0.10178691148757935,0.0040285634,0.003125,0.3812059164047241,3600,0.0003,0.022580378130078314
-0.11784033,362,23168,1.0,1216,19,-0.001474315393716097,0.2,-0.9063984036445618,0.005470852367579937,0.07837855815887451,0.0030626818,0.0015625,0.3802187740802765,3610,0.0003,0.02438963819295168
-0.10849884,363,23232,1.0,1217,19,-0.028170478902757166,0.2,-0.9013188183307648,-0.026089726015925407,0.05767834186553955,0.023926564,0.1296875,0.37937772274017334,3620,0.0003,0.02009344082325697
-0.11240829,364,23296,1.0,1217,19,-0.0268210768699646,0.2,-0.8976896524429321,-0.05327359586954117,0.07245486974716187,0.008658452,0.021875,0.37883874773979187,3630,0.0003,0.013336882553994655
-0.12027211999999998,365,23360,1.0,1217,19,0.002894329093396664,0.2,-0.8947506666183471,0.00718948058784008,0.06774240732192993,0.003326225,0.009375,0.3781851530075073,3640,0.0003,0.017202661745250224
-0.13147647,366,23424,1.0,1217,19,-0.0031007484532892702,0.2,-0.8907851874828339,0.004506930708885193,0.003842651844024658,0.0016660942,0.0015625,0.3773196339607239,3650,0.0003,0.03241530656814575
-0.11151038000000002,367,23488,1.0,1218,19,-0.009875559248030186,0.2,-0.8862586319446564,-0.015156999230384827,0.026951134204864502,0.0067579877,0.0140625,0.3765641450881958,3660,0.0003,0.02204919196665287
-0.09783137,368,23552,1.0,1218,19,-0.01810651309788227,0.2,-0.8825777173042297,-0.021129025146365166,0.023971974849700928,0.01466941,0.090625,0.3758772611618042,3670,0.0003,0.017094704881310464
