rollout/ep_rew_mean,rollout/ep_len_mean,time/total_timesteps,time/iterations,time/fps,time/time_elapsed,train/policy_gradient_loss,train/std,train/approx_kl,train/learning_rate,train/entropy_loss,train/value_loss,train/explained_variance,train/n_updates,train/clip_fraction,train/clip_range,train/loss
0.0,1,0,0,,,,,,,,,,,,,
-0.40267965625,1.0,64,1,1529,0,,,,,,,,,,,
-0.35495050000000006,1.0,128,2,940,0,-0.004368465766310692,1.0000041723251343,0.00037351064,0.0003,-2.837877035140991,0.37012891173362733,-0.36011624336242676,10,0.0,0.2,0.12928858399391174
-0.38258607999999994,1.0,192,3,990,0,-0.006136278714984655,0.9984683990478516,0.0004752176,0.0003,-2.836845111846924,0.15984329879283904,-0.23582398891448975,20,0.0,0.2,0.04399680718779564
-0.41879635,1.0,256,4,1016,0,-0.013655252661556006,0.9960206747055054,0.001614579,0.0003,-2.8326253414154055,0.10447359457612038,-0.14024782180786133,30,0.0,0.2,0.016089601442217827
-0.39365175,1.0,320,5,1038,0,-0.018172445148229598,0.9955954551696777,0.0027614897,0.0003,-2.8290127515792847,0.06799429282546043,-0.045527100563049316,40,0.0015625,0.2,-0.00652187317609787
-0.3990490199999999,1.0,384,6,1060,0,-0.02936698468402028,0.9944711923599243,0.006327617,0.0003,-2.8284839153289796,0.06513583213090897,0.05513405799865723,50,0.0125,0.2,-0.0278920941054821
-0.3988133300000001,1.0,448,7,1069,0,-0.02608706708997488,0.9909825325012207,0.008320556,0.0003,-2.8238654375076293,0.07064983099699021,0.11661428213119507,60,0.0234375,0.2,-0.014918919652700424
-0.34711799000000004,1.0,512,8,1083,0,-0.019106234796345233,0.9873434901237488,0.005687029,0.0003,-2.816323494911194,0.058593010902404784,0.2849501371383667,70,0.009375,0.2,-0.010238640010356903
-0.34054712000000004,1.0,576,9,1098,0,-0.034750910475850105,0.9840009212493896,0.012906554,0.0003,-2.8093772888183595,0.07915494441986085,-0.029047012329101562,80,0.0546875,0.2,-0.025066345930099487
-0.37760966999999995,1.0,640,10,1109,0,-0.02570337001234293,0.9807612299919128,0.012916567,0.0003,-2.8026264667510987,0.07410878092050552,0.053913116455078125,90,0.046875,0.2,-0.005480509251356125
-0.34254278,1.0,704,11,1113,0,-0.01990971826016903,0.9768857955932617,0.0059910268,0.0003,-2.7955535411834718,0.08187842220067978,-0.04579794406890869,100,0.021875,0.2,0.0029521919786930084
-0.32107608,1.0,768,12,1121,0,-0.014294788613915444,0.9731488227844238,0.0071582124,0.0003,-2.7875260591506956,0.057826663553714755,-0.06948769092559814,110,0.0203125,0.2,0.00023038126528263092
-0.26881947000000006,1.0,832,13,1128,0,-0.02056922484189272,0.9691324234008789,0.007588474,0.0003,-2.77985680103302,0.06574142351746559,-0.022212862968444824,120,0.0375,0.2,-0.0033736005425453186
-0.23710568,1.0,896,14,1131,0,-0.01099336426705122,0.9649742841720581,0.0040057935,0.0003,-2.7712518215179442,0.0509224783629179,-0.13756752014160156,130,0.0078125,0.2,0.0022674817591905594
-0.26505628999999997,1.0,960,15,1135,0,-0.013205053098499776,0.9610323905944824,0.0041208733,0.0003,-2.762857961654663,0.0540981724858284,0.02362227439880371,140,0.0015625,0.2,0.00212901271879673
-0.28680804000000004,1.0,1024,16,1140,0,-0.008030975982546807,0.9583320617675781,0.002798425,0.0003,-2.755535697937012,0.046702508628368375,0.0074841976165771484,150,0.00625,0.2,-0.0039991699159145355
-0.28915214,1.0,1088,17,1144,0,-0.022824033815413713,0.9566730260848999,0.021824434,0.0003,-2.7511325597763063,0.05127974860370159,0.0035386085510253906,160,0.1234375,0.2,-0.007389001548290253
-0.29100338,1.0,1152,18,1146,1,-0.010914345923811197,0.9538990259170532,0.0021599038,0.0003,-2.7469584226608275,0.0562417097389698,0.003277420997619629,170,0.0046875,0.2,0.005976894870400429
-0.28515802000000007,1.0,1216,19,1148,1,-0.018305711075663568,0.95115065574646,0.007842878,0.0003,-2.7407848834991455,0.04322323687374592,0.013452351093292236,180,0.0328125,0.2,-0.01072387583553791
-0.28242526,1.0,1280,20,1151,1,-0.02192841600626707,0.9492296576499939,0.0068032295,0.0003,-2.7357418537139893,0.05017640069127083,0.03503000736236572,190,0.028125,0.2,-0.013366807252168655
-0.25015181,1.0,1344,21,1149,1,-0.004822797421365976,0.9473108053207397,0.002386435,0.0003,-2.7319171905517576,0.046911150217056274,-0.034274935722351074,200,0.0,0.2,0.010565079748630524
-0.22589239,1.0,1408,22,1144,1,-0.013715566508471966,0.945073127746582,0.006076074,0.0003,-2.7275471925735473,0.040006428956985474,-0.002732992172241211,210,0.0140625,0.2,-0.00715349055826664
-0.25593032,1.0,1472,23,1141,1,-0.016776720806956292,0.9420936703681946,0.0134789515,0.0003,-2.7222398281097413,0.03924326039850712,0.006928443908691406,220,0.0828125,0.2,-0.0031195729970932007
-0.23538808,1.0,1536,24,1144,1,-0.008033268433064223,0.9392675161361694,0.008000595,0.0003,-2.7156978130340574,0.04012555480003357,0.007867217063903809,230,0.0234375,0.2,0.004167236387729645
-0.22650523999999997,1.0,1600,25,1146,1,-0.005668657273054123,0.9368613958358765,0.0035881884,0.0003,-2.710281252861023,0.03896571137011051,-0.0023959875106811523,240,0.0015625,0.2,0.0067517999559640884
-0.23787555000000002,1.0,1664,26,1149,1,-0.010342933982610703,0.9344508647918701,0.010286542,0.0003,-2.705104660987854,0.030705323815345763,0.017397046089172363,250,0.0265625,0.2,-0.009165320545434952
-0.24580822000000002,1.0,1728,27,1151,1,0.0006160970777273178,0.9320098161697388,0.0005552275,0.0003,-2.6999403476715087,0.03569213263690472,0.014115691184997559,260,0.0,0.2,0.009830985218286514
-0.24203919000000007,1.0,1792,28,1153,1,-0.02037856597453356,0.9292819499969482,0.017288985,0.0003,-2.694549322128296,0.041146648675203325,0.00967109203338623,270,0.0875,0.2,-0.012828966602683067
-0.24562623000000003,1.0,1856,29,1155,1,-0.009302299423143267,0.9257773160934448,0.00837567,0.0003,-2.687873387336731,0.03569684773683548,0.01661050319671631,280,0.0421875,0.2,0.0062894076108932495
-0.21262224,1.0,1920,30,1152,1,-0.005362526513636112,0.9224328398704529,0.0037368685,0.0003,-2.680283546447754,0.036046944186091424,0.01777583360671997,290,0.0078125,0.2,0.008526096120476723
-0.24174997,1.0,1984,31,1151,1,-0.00327188391238451,0.9197478294372559,0.0031325854,0.0003,-2.67369122505188,0.03116752803325653,-0.0014852285385131836,300,0.0,0.2,0.0034345490857958794
-0.2528011,1.0,2048,32,1147,1,-0.012420369684696198,0.9170712232589722,0.013433646,0.0003,-2.6679953813552855,0.038652172312140465,0.028142869472503662,310,0.075,0.2,0.003923250362277031
-0.24779091000000006,1.0,2112,33,1145,1,-0.013164510112255811,0.914165735244751,0.004022984,0.0003,-2.6619300127029417,0.0507414672523737,0.003872215747833252,320,0.00625,0.2,-0.005904283374547958
-0.2581075400000001,1.0,2176,34,1145,1,-0.0055970155633986,0.9114145040512085,0.0072943987,0.0003,-2.655605173110962,0.038117729127407074,0.04248875379562378,330,0.03125,0.2,0.00340394489467144
-0.24385735,1.0,2240,35,1142,1,-0.000547513086348772,0.9087871313095093,0.0006386386,0.0003,-2.649772024154663,0.030916072614490985,-0.007582426071166992,340,0.0,0.2,0.0014661289751529694
-0.28487524000000003,1.0,2304,36,1144,2,0.0014240295626223088,0.905823826789856,0.00012455508,0.0003,-2.643704867362976,0.02616418693214655,0.027805745601654053,350,0.0,0.2,0.00957783218473196
-0.26497365,1.0,2368,37,1145,2,-0.005526933167129755,0.9025174379348755,0.0020035962,0.0003,-2.6368107080459593,0.04683196656405926,-0.01875436305999756,360,0.0015625,0.2,0.004188334569334984
-0.25948209,1.0,2432,38,1146,2,-0.004539983626455068,0.8993790149688721,0.0063388934,0.0003,-2.6294980525970457,0.030598158948123455,0.02206885814666748,370,0.0203125,0.2,0.006313001736998558
-0.22974341000000004,1.0,2496,39,1148,2,-0.001305784285068512,0.8963460922241211,0.0005998453,0.0003,-2.6227346658706665,0.026965307071805,0.029502570629119873,380,0.0,0.2,0.008388450369238853
-0.25376929,1.0,2560,40,1148,2,-0.012758514285087586,0.8932642936706543,0.0063171284,0.0003,-2.615910840034485,0.039083465933799744,-0.010447859764099121,390,0.0265625,0.2,-0.0016791634261608124
-0.24614369999999997,1.0,2624,41,1147,2,-0.0063146539498120545,0.8910787105560303,0.003204505,0.0003,-2.6096221685409544,0.03339457958936691,0.01617145538330078,400,0.0015625,0.2,0.0012920219451189041
-0.24617072,1.0,2688,42,1148,2,-0.007233753427863121,0.8885880708694458,0.0071799913,0.0003,-2.604907822608948,0.03395145647227764,0.01751917600631714,410,0.0265625,0.2,0.002494577318429947
-0.23321566000000002,1.0,2752,43,1150,2,-0.011561824381351471,0.8862539529800415,0.010418576,0.0003,-2.599031686782837,0.029049654304981232,0.007165670394897461,420,0.071875,0.2,-0.0005635153502225876
-0.25481787,1.0,2816,44,1152,2,-0.0029213739559054374,0.8840898275375366,0.0010822993,0.0003,-2.594176506996155,0.02914771381765604,0.021582722663879395,430,0.0,0.2,0.004808995872735977
-0.2538318,1.0,2880,45,1154,2,-0.01150311203673482,0.8820698261260986,0.008931168,0.0003,-2.589321517944336,0.03803366906940937,-0.018550395965576172,440,0.025,0.2,-0.003937855362892151
-0.2516219,1.0,2944,46,1156,2,-0.009307485446333886,0.8800384402275085,0.0153264245,0.0003,-2.584727954864502,0.029776222817599774,0.02491360902786255,450,0.1078125,0.2,0.005130285397171974
-0.25595548,1.0,3008,47,1158,2,-0.008805767446756364,0.8783625960350037,0.007340327,0.0003,-2.5805405616760253,0.035254047438502314,0.032340943813323975,460,0.0140625,0.2,-0.004667885601520538
-0.26495163,1.0,3072,48,1159,2,-0.012028478551656008,0.8765945434570312,0.016819455,0.0003,-2.576743245124817,0.033699335902929305,0.026331305503845215,470,0.1046875,0.2,0.001367613673210144
-0.23653467,1.0,3136,49,1160,2,-0.0110311821103096,0.874817430973053,0.010822742,0.0003,-2.5725275754928587,0.03933474086225033,-0.0072013139724731445,480,0.0609375,0.2,0.005100026726722717
-0.25411733000000003,1.0,3200,50,1160,2,-0.011063985247164964,0.8730422258377075,0.00945988,0.0003,-2.5686589241027833,0.03498353846371174,0.02975386381149292,490,0.03125,0.2,-0.0037821587175130844
-0.24482724000000006,1.0,3264,51,1160,2,-0.0020265942439436913,0.8710695505142212,0.00075769983,0.0003,-2.5642215490341185,0.036789802461862565,0.011577248573303223,500,0.0,0.2,0.00372505746781826
-0.2524836899999999,1.0,3328,52,1159,2,-0.024226993136107922,0.8691161870956421,0.018555287,0.0003,-2.5597902059555055,0.03894778527319431,-0.018883943557739258,510,0.0890625,0.2,-0.016018610447645187
-0.23757194,1.0,3392,53,1160,2,-0.01014398904517293,0.8670974969863892,0.009156793,0.0003,-2.5552178859710692,0.03846959993243217,0.02292245626449585,520,0.0484375,0.2,0.004543516784906387
-0.23187624999999998,1.0,3456,54,1162,2,-0.011621566955000162,0.8654916286468506,0.009705693,0.0003,-2.5509350299835205,0.030297956243157387,-0.030539274215698242,530,0.028125,0.2,-0.007998593151569366
-0.23127119999999995,1.0,3520,55,1164,3,-0.0036727613769471645,0.8636598587036133,0.0036870502,0.0003,-2.547138786315918,0.03120438065379858,0.051812708377838135,540,0.0109375,0.2,0.0069821178913116455
-0.23700815000000003,1.0,3584,56,1165,3,-0.007574551925063133,0.8612549304962158,0.0069734557,0.0003,-2.542295503616333,0.032142845541238786,0.03377795219421387,550,0.015625,0.2,-0.0017300061881542206
-0.23536348,1.0,3648,57,1167,3,-0.004358491580933333,0.8590613603591919,0.001823361,0.0003,-2.5367200136184693,0.03440230004489422,0.029018938541412354,560,0.0,0.2,0.004181437194347382
-0.26527668,1.0,3712,58,1168,3,-0.0037445769645273685,0.8568271398544312,0.004366897,0.0003,-2.5317940950393676,0.029774498753249647,-0.00433802604675293,570,0.00625,0.2,0.0052886418998241425
-0.24354487,1.0,3776,59,1169,3,-0.017078087013214827,0.8545845746994019,0.015563867,0.0003,-2.526409363746643,0.03982178792357445,0.030622243881225586,580,0.06875,0.2,-0.0059056710451841354
-0.25020772,1.0,3840,60,1170,3,-0.0029110224917531014,0.8522384166717529,0.0034774141,0.0003,-2.521131491661072,0.029944543913006782,0.04049527645111084,590,0.01875,0.2,0.01039680652320385
-0.23412579000000006,1.0,3904,61,1172,3,-0.002811711607500911,0.8506417274475098,0.0024173064,0.0003,-2.5162277936935427,0.02407730873674154,0.04839825630187988,600,0.0,0.2,0.003453275188803673
-0.24844261,1.0,3968,62,1173,3,-0.01718903025612235,0.8492192029953003,0.008663327,0.0003,-2.5128912687301637,0.025911776721477507,0.05419647693634033,610,0.01875,0.2,-0.028640149161219597
-0.23434117000000002,1.0,4032,63,1173,3,0.0005215141456574202,0.8482691645622253,0.002151017,0.0003,-2.5098127841949465,0.025967408157885074,0.0615309476852417,620,0.0015625,0.2,0.0056835804134607315
-0.21447044999999998,1.0,4096,64,1173,3,-0.014310272783041,0.8476400375366211,0.01587028,0.0003,-2.508134388923645,0.021230405569076537,0.027195990085601807,630,0.0796875,0.2,-0.012652017176151276
-0.23666916000000005,1.0,4160,65,1172,3,-0.005446369014680386,0.8461909294128418,0.0031435704,0.0003,-2.5059414386749266,0.029942808486521245,0.042104244232177734,640,0.00625,0.2,-7.672235369682312e-06
-0.23274087,1.0,4224,66,1173,3,-0.006804315187036991,0.8436695337295532,0.0046321163,0.0003,-2.501316237449646,0.033034684136509895,0.04518914222717285,650,0.0125,0.2,0.003479544073343277
-0.26198606,1.0,4288,67,1174,3,-0.0077591750770807265,0.8410886526107788,0.006509496,0.0003,-2.495090055465698,0.03372616656124592,0.028860867023468018,660,0.0171875,0.2,-0.000834144651889801
-0.270945,1.0,4352,68,1175,3,0.0006439207121729851,0.8384105563163757,0.0013388135,0.0003,-2.4889185190200807,0.03811153285205364,0.028340280055999756,670,0.0,0.2,0.01601332798600197
-0.23617804,1.0,4416,69,1175,3,-0.012528620287775993,0.8359483480453491,0.0059302105,0.0003,-2.482702398300171,0.03157250620424747,0.05080735683441162,680,0.01875,0.2,-0.004573263227939606
-0.25158828,1.0,4480,70,1175,3,-0.004218537360429764,0.833524763584137,0.002934995,0.0003,-2.4768579721450807,0.03548602312803269,0.04522991180419922,690,0.0015625,0.2,0.005127092823386192
-0.22580585,1.0,4544,71,1175,3,-0.0013137056957930326,0.8316831588745117,0.002325328,0.0003,-2.4715184688568117,0.038667859882116316,0.04967433214187622,700,0.0,0.2,-0.0010824073106050491
-0.2324246,1.0,4608,72,1177,3,-0.004245707020163536,0.8296777009963989,0.0027645286,0.0003,-2.467207503318787,0.031861815601587296,0.07302576303482056,710,0.0046875,0.2,-0.00502055324614048
-0.23281172000000003,1.0,4672,73,1176,3,-0.004758940357714891,0.8274579048156738,0.004940374,0.0003,-2.4620203256607054,0.029842658899724483,0.05840408802032471,720,0.01875,0.2,0.004713527858257294
-0.24462659000000003,1.0,4736,74,1177,4,-0.014966553077101707,0.8248770236968994,0.016656393,0.0003,-2.4564162731170653,0.03904234506189823,0.02818608283996582,730,0.0625,0.2,-0.006199711933732033
-0.23570594,1.0,4800,75,1178,4,-0.012377449683845044,0.8227910399436951,0.011313736,0.0003,-2.450200891494751,0.03307594545185566,0.07174724340438843,740,0.046875,0.2,-0.006904350593686104
-0.27651638999999995,1.0,4864,76,1179,4,-0.007723438134416938,0.8217236399650574,0.0065253936,0.0003,-2.4465104579925536,0.02664934378117323,0.055422306060791016,750,0.0171875,0.2,-0.007673327811062336
-0.27131116,1.0,4928,77,1180,4,0.006381520535796881,0.8203200101852417,0.00023698807,0.0003,-2.4437873125076295,0.03643772564828396,0.057787299156188965,760,0.0,0.2,0.015899749472737312
-0.27473347,1.0,4992,78,1181,4,-0.023635459877550603,0.8186704516410828,0.0146549875,0.0003,-2.4399253845214846,0.030345852300524712,0.04365116357803345,770,0.0671875,0.2,-0.021116023883223534
-0.22921503999999998,1.0,5056,79,1181,4,-0.0103477593511343,0.8171854019165039,0.0046889232,0.0003,-2.4360702991485597,0.03081559557467699,0.08997529745101929,780,0.003125,0.2,-0.013547135517001152
-0.23091968999999998,1.0,5120,80,1182,4,-0.022933969367295505,0.8158394694328308,0.017205628,0.0003,-2.4326120138168337,0.023253561183810233,0.07373708486557007,790,0.0828125,0.2,-0.0251865666359663
-0.21181517999999996,1.0,5184,81,1181,4,-0.009847707953304053,0.8142141103744507,0.008228712,0.0003,-2.4291292428970337,0.029024534113705158,0.07288855314254761,800,0.0453125,0.2,-0.002457471564412117
-0.22714400999999998,1.0,5248,82,1180,4,-0.006177463661879301,0.8118922710418701,0.009254369,0.0003,-2.424361801147461,0.032316535525023934,0.0841212272644043,810,0.0375,0.2,0.00659899041056633
-0.23527017,1.0,5312,83,1180,4,-0.007261590706184507,0.8098786473274231,0.0029625986,0.0003,-2.418755578994751,0.027063615061342715,0.11193311214447021,820,0.0046875,0.2,-0.0039845360442996025
-0.24844324,1.0,5376,84,1181,4,-0.0044081385247409345,0.8079431056976318,0.0030625751,0.0003,-2.414012336730957,0.03691213540732861,0.03975492715835571,830,0.0046875,0.2,0.00715581513941288
-0.24662255000000002,1.0,5440,85,1182,4,-0.00029128771275281905,0.8055459260940552,0.00040704757,0.0003,-2.408768105506897,0.0348342202603817,0.0498199462890625,840,0.0,0.2,0.014330200850963593
-0.24394655000000004,1.0,5504,86,1182,4,-0.0017218562308698893,0.8032083511352539,0.0003049532,0.0003,-2.4027031898498534,0.022846698574721814,0.11100715398788452,850,0.0,0.2,0.003519791178405285
-0.23599934,1.0,5568,87,1182,4,-0.002446782076731324,0.8003826141357422,0.0031042108,0.0003,-2.3965943574905397,0.032199260964989665,0.09074366092681885,860,0.0015625,0.2,0.009595809504389763
-0.22792542000000002,1.0,5632,88,1181,4,-0.013609350938349963,0.7981935739517212,0.006841233,0.0003,-2.3897428274154664,0.0258574441075325,0.09476006031036377,870,0.0140625,0.2,-0.024084901437163353
-0.23822551000000003,1.0,5696,89,1181,4,-0.00023321919143199922,0.796040415763855,0.0061919605,0.0003,-2.3845979452133177,0.030556245520710946,0.09142756462097168,880,0.046875,0.2,0.016088707372546196
-0.25500866,1.0,5760,90,1181,4,-0.0064510608091950415,0.7940586805343628,0.005180071,0.0003,-2.379394030570984,0.033615097403526306,0.07801127433776855,890,0.0078125,0.2,-0.0002611745148897171
-0.26418469,1.0,5824,91,1182,4,-0.0031297728419303894,0.7916039228439331,0.001426666,0.0003,-2.3739624500274656,0.030977612547576427,0.10025715827941895,900,0.0,0.2,0.004366472363471985
-0.2521882200000001,1.0,5888,92,1182,4,-0.004586718929931522,0.7889614105224609,0.003052543,0.0003,-2.367360067367554,0.03343923874199391,0.07912319898605347,910,0.0078125,0.2,0.007306605577468872
-0.22337508000000003,1.0,5952,93,1183,5,-0.009522775281220674,0.7867168188095093,0.0037944494,0.0003,-2.3610687255859375,0.03396827019751072,0.07905864715576172,920,0.025,0.2,0.0011319555342197418
-0.23007083,1.0,6016,94,1183,5,-0.019801758509129287,0.7858859300613403,0.01855269,0.0003,-2.3567110538482665,0.02210781704634428,0.08501589298248291,930,0.0875,0.2,-0.020641664043068886
-0.23685189,1.0,6080,95,1184,5,-0.0017631005495786667,0.7850207090377808,0.0020933384,0.0003,-2.3551854848861695,0.03187734019011259,0.0994526743888855,940,0.003125,0.2,0.007088189013302326
-0.2335716,1.0,6144,96,1185,5,-0.005968580581247806,0.7840473651885986,0.0050310055,0.0003,-2.352461051940918,0.02938412632793188,0.11781078577041626,950,0.0125,0.2,-0.0040884800255298615
-0.24224537,1.0,6208,97,1185,5,-0.004961301013827324,0.7826948165893555,0.00819403,0.0003,-2.3499122619628907,0.023502013832330703,0.10937988758087158,960,0.034375,0.2,0.0025019636377692223
-0.25620947999999993,1.0,6272,98,1184,5,-0.009917587507516146,0.7808725833892822,0.009780971,0.0003,-2.345633363723755,0.026160088181495667,0.13482671976089478,970,0.034375,0.2,-0.002943563275039196
-0.23777393999999996,1.0,6336,99,1185,5,-0.008853151742368937,0.7790216207504272,0.009766277,0.0003,-2.340991902351379,0.03221246749162674,0.07771259546279907,980,0.0390625,0.2,0.0021897749975323677
-0.23957349,1.0,6400,100,1185,5,-0.0209919648244977,0.7776440382003784,0.016225722,0.0003,-2.336604905128479,0.02600862253457308,0.1563875675201416,990,0.059375,0.2,-0.02649988979101181
-0.2215426,1.0,6464,101,1185,5,0.0032288982067257164,0.7762921452522278,0.00039881188,0.0003,-2.3331963539123537,0.02738207522779703,0.11175614595413208,1000,0.0,0.2,0.007297651842236519
-0.24145842,1.0,6528,102,1186,5,-0.01603281144052744,0.7749313116073608,0.019382436,0.0003,-2.329615521430969,0.02559598758816719,0.11860626935958862,1010,0.1046875,0.2,-0.010133380070328712
-0.24082272000000005,1.0,6592,103,1186,5,-0.0020284479251131415,0.7730511426925659,0.003512282,0.0003,-2.325741744041443,0.029463889263570308,0.11041611433029175,1020,0.009375,0.2,0.005566094070672989
-0.24525347,1.0,6656,104,1186,5,-0.00387043347582221,0.7705387473106384,0.0038525444,0.0003,-2.319879746437073,0.03898525796830654,0.09874004125595093,1030,0.0203125,0.2,0.014270659536123276
-0.22974277999999998,1.0,6720,105,1186,5,-0.010039429925382138,0.7684397101402283,0.0059835557,0.0003,-2.3137465715408325,0.026445079036056994,0.18128788471221924,1040,0.0125,0.2,-0.010048800148069859
-0.22547159,1.0,6784,106,1186,5,-0.017129835858941077,0.7667381763458252,0.019049883,0.0003,-2.308618664741516,0.0274726090952754,0.05705690383911133,1050,0.1046875,0.2,-0.009031307883560658
-0.24469593000000003,1.0,6848,107,1185,5,-0.020186863839626312,0.7659344673156738,0.008263543,0.0003,-2.30527184009552,0.02091151159256697,0.19625335931777954,1060,0.03125,0.2,-0.03348369523882866
-0.23627161000000002,1.0,6912,108,1184,5,0.0032550692558288574,0.7647569179534912,0.0017224234,0.0003,-2.3030198335647585,0.03150871954858303,0.059456586837768555,1070,0.0046875,0.2,0.015726488083600998
-0.22044821999999997,1.0,6976,109,1185,5,-0.005209770239889622,0.7633001804351807,0.0015726583,0.0003,-2.299360489845276,0.027403254061937332,0.14783960580825806,1080,0.0,0.2,-0.0026875603944063187
-0.2199838,1.0,7040,110,1185,5,-0.005603850819170475,0.7618396282196045,0.005056223,0.0003,-2.2955592393875124,0.02823241762816906,0.061129093170166016,1090,0.0203125,0.2,-0.0018729055300354958
-0.23013943,1.0,7104,111,1186,5,-0.0036828989163041116,0.7592998743057251,0.0053075235,0.0003,-2.2907523632049562,0.03070318140089512,0.14583390951156616,1100,0.0171875,0.2,0.008988196030259132
-0.24727088000000003,1.0,7168,112,1186,6,-0.027600090950727463,0.7572892904281616,0.010916446,0.0003,-2.283997583389282,0.024373071268200874,0.16820913553237915,1110,0.0328125,0.2,-0.047447822988033295
-0.24921324000000003,1.0,7232,113,1187,6,0.008534344844520092,0.7557758092880249,0.00030452665,0.0003,-2.279706072807312,0.033624172955751416,0.1522367000579834,1120,0.0,0.2,0.021250812336802483
-0.22569977999999996,1.0,7296,114,1187,6,-0.006531636230647564,0.7539190053939819,0.009048041,0.0003,-2.275311589241028,0.029274380765855312,0.18827050924301147,1130,0.0375,0.2,0.004818877205252647
-0.21654275,1.0,7360,115,1188,6,-0.003579042199999094,0.7517886161804199,0.0034379512,0.0003,-2.2700599670410155,0.030924986116588116,0.09665954113006592,1140,0.003125,0.2,0.009353190660476685
-0.22447917999999997,1.0,7424,116,1188,6,-0.0017973550595343113,0.748827338218689,0.00086193625,0.0003,-2.263586330413818,0.026605022512376307,0.17033445835113525,1150,0.0,0.2,0.008605538867413998
-0.22741103000000001,1.0,7488,117,1187,6,-0.005977262603119015,0.7462342381477356,0.00892256,0.0003,-2.255654239654541,0.028378561325371265,0.14385318756103516,1160,0.0234375,0.2,0.0014841500669717789
-0.21397939000000002,1.0,7552,118,1187,6,-0.0009230297990143299,0.744218111038208,0.0017110519,0.0003,-2.249554705619812,0.023752187564969062,0.151292622089386,1170,0.0,0.2,0.006925399415194988
-0.20347427999999998,1.0,7616,119,1186,6,-0.00302380071952939,0.7423135042190552,0.0021796003,0.0003,-2.2443449974060057,0.027972396090626718,0.1276458501815796,1180,0.0,0.2,0.00010107923299074173
-0.2194727,1.0,7680,120,1186,6,-0.0077967694029212,0.7404772043228149,0.012234226,0.0003,-2.239245080947876,0.02798381969332695,0.15377771854400635,1190,0.0625,0.2,0.005941335111856461
-0.23321385000000003,1.0,7744,121,1187,6,-0.014696710370481014,0.7390432357788086,0.0055283206,0.0003,-2.2347312450408934,0.052434882149100304,0.08552569150924683,1200,0.009375,0.2,-0.010591812431812286
-0.24063712000000004,1.0,7808,122,1186,6,-0.015548549965023995,0.7374054789543152,0.015771527,0.0003,-2.2308549165725706,0.05336175262928009,0.0013723969459533691,1210,0.0796875,0.2,0.007961025461554527
-0.22146401000000004,1.0,7872,123,1186,6,-0.002012256160378456,0.7346975207328796,0.0005690269,0.0003,-2.225254273414612,0.03259438723325729,0.13816356658935547,1220,0.0,0.2,0.01124815084040165
-0.20532483999999993,1.0,7936,124,1186,6,-0.006848629377782345,0.7319797277450562,0.0015369747,0.0003,-2.217444729804993,0.02881513386964798,0.05152487754821777,1230,0.0,0.2,-0.0014326013624668121
-0.22484579,1.0,8000,125,1186,6,-0.00794234424829483,0.7301381826400757,0.010286289,0.0003,-2.210999369621277,0.022650235891342164,0.19156628847122192,1240,0.04375,0.2,-0.0022010384127497673
-0.25095871,1.0,8064,126,1187,6,-0.01422495674341917,0.728656530380249,0.0069355704,0.0003,-2.206617498397827,0.03707364872097969,0.11301153898239136,1250,0.021875,0.2,-0.007908396422863007
-0.26277003000000004,1.0,8128,127,1186,6,-0.007550458051264286,0.7268209457397461,0.0064338,0.0003,-2.202251982688904,0.03210177272558212,0.11285978555679321,1260,0.0140625,0.2,-0.0018873512744903564
-0.21119999999999997,1.0,8192,128,1187,6,-0.000979431951418519,0.7249744534492493,0.0008211769,0.0003,-2.1969233989715575,0.033191817626357076,0.1550770401954651,1270,0.0,0.2,0.00433134101331234
-0.20419278999999999,1.0,8256,129,1187,6,-0.007315190834924578,0.7231490612030029,0.014343339,0.0003,-2.1920719861984255,0.02646176628768444,0.1499684453010559,1280,0.084375,0.2,0.005834244191646576
-0.19959100999999996,1.0,8320,130,1187,7,-0.008932958822697401,0.7208831310272217,0.00297903,0.0003,-2.186504077911377,0.032057063281536104,0.19163531064987183,1290,0.0015625,0.2,-0.0045541319996118546
-0.21295728999999997,1.0,8384,131,1187,7,-0.013885784149169921,0.718971848487854,0.0038604643,0.0003,-2.180372405052185,0.026974039524793623,0.07605850696563721,1300,0.003125,0.2,-0.0168306827545166
-0.24564153,1.0,8448,132,1186,7,-0.004678977932780981,0.7173166275024414,0.0039811498,0.0003,-2.175619888305664,0.025666408985853196,0.21310508251190186,1310,0.009375,0.2,0.0007476499304175377
-0.21783064000000002,1.0,8512,133,1186,7,-0.0021383858285844324,0.7150751948356628,0.002238037,0.0003,-2.1703760862350463,0.033740566670894624,0.14142924547195435,1320,0.0,0.2,0.011778457090258598
-0.20734720000000004,1.0,8576,134,1186,7,-0.009873081743717194,0.7126352787017822,0.004466892,0.0003,-2.163605570793152,0.03163104429841042,0.1824672818183899,1330,0.0046875,0.2,-0.010272908955812454
-0.24074882000000003,1.0,8640,135,1186,7,-0.004779600724577904,0.7100363373756409,0.011297469,0.0003,-2.156559109687805,0.023154338635504246,0.20717573165893555,1340,0.0703125,0.2,0.0060871802270412445
-0.22966154999999996,1.0,8704,136,1186,7,-0.0029306327924132347,0.7075204849243164,0.0029732892,0.0003,-2.149260401725769,0.0263431441038847,0.19900906085968018,1350,0.003125,0.2,0.0068508777767419815
-0.18725182999999998,1.0,8768,137,1186,7,-0.007395747490227223,0.7054632902145386,0.0028325794,0.0003,-2.1424952268600466,0.034636839851737024,0.13654178380966187,1360,0.0015625,0.2,-0.008093046024441719
-0.22080982999999998,1.0,8832,138,1187,7,-0.005413602665066719,0.704075813293457,0.004620813,0.0003,-2.1374669790267946,0.03165995460003614,0.03809845447540283,1370,0.0078125,0.2,0.0001763124018907547
-0.22851707999999998,1.0,8896,139,1187,7,-0.0024787318892776967,0.702431321144104,0.004733502,0.0003,-2.1334508419036866,0.035530338808894155,0.1414649486541748,1380,0.0078125,0.2,0.008486095815896988
-0.22001073,1.0,8960,140,1188,7,-0.012977698910981416,0.7006450891494751,0.0067781108,0.0003,-2.128285312652588,0.04872479028999806,-0.029029488563537598,1390,0.034375,0.2,0.002868136391043663
-0.19800637999999998,1.0,9024,141,1189,7,-0.013562268018722535,0.6990926861763,0.0049806423,0.0003,-2.1235470533370973,0.03276992030441761,0.11679327487945557,1400,0.0109375,0.2,-0.011118561029434204
-0.20832657,1.0,9088,142,1189,7,0.0017577948281541466,0.6974702477455139,0.0019999137,0.0003,-2.118959641456604,0.032129090279340744,0.02816474437713623,1410,0.0,0.2,0.01227143220603466
-0.23929299999999998,1.0,9152,143,1188,7,-0.00947505198419094,0.6957368850708008,0.0074469037,0.0003,-2.114288663864136,0.03001777846366167,0.17361438274383545,1420,0.0421875,0.2,0.0016933390870690346
-0.21638809000000003,1.0,9216,144,1188,7,-0.00428843991830945,0.6933266520500183,0.0011501526,0.0003,-2.108671951293945,0.04119276627898216,0.1194886565208435,1430,0.0,0.2,0.01063849963247776
-0.20545545,1.0,9280,145,1189,7,-0.008080660202540457,0.691091775894165,0.009327246,0.0003,-2.101617693901062,0.03056560195982456,0.15196645259857178,1440,0.034375,0.2,0.001991625875234604
-0.24119482,1.0,9344,146,1188,7,-0.01762759666889906,0.6898767948150635,0.01016938,0.0003,-2.0964853048324583,0.020062712393701075,0.20108336210250854,1450,0.04375,0.2,-0.024807795882225037
-0.2427714,1.0,9408,147,1189,7,0.0022232139948755504,0.6882416009902954,0.0006917482,0.0003,-2.0929691553115846,0.048372558876872064,-0.026065826416015625,1460,0.0,0.2,0.0213828906416893
-0.22013310000000005,1.0,9472,148,1189,7,-0.0021965250372886656,0.6857592463493347,0.0003930172,0.0003,-2.086972546577454,0.024041267484426497,0.19125962257385254,1470,0.0,0.2,0.004032149910926819
-0.22117804,1.0,9536,149,1189,8,-0.012739030737429857,0.6837024688720703,0.008666582,0.0003,-2.0799715757369994,0.03585689999163151,0.11574018001556396,1480,0.0203125,0.2,-0.014610735699534416
-0.19256681000000003,1.0,9600,150,1189,8,-0.00010506343096494675,0.6818228363990784,0.0007091677,0.0003,-2.074510908126831,0.030092563852667807,0.16179609298706055,1490,0.0,0.2,0.006474511697888374
-0.19640224,1.0,9664,151,1190,8,-0.00022942069917917252,0.6793648600578308,0.0006876243,0.0003,-2.0683233022689818,0.0316060833632946,0.15532493591308594,1500,0.0,0.2,0.01366935484111309
-0.22648329000000003,1.0,9728,152,1190,8,-0.008059268724173308,0.6771258115768433,0.0045406977,0.0003,-2.061041164398193,0.033246972039341925,0.10186886787414551,1510,0.0234375,0.2,0.00691835954785347
-0.21620581000000003,1.0,9792,153,1190,8,-0.005930135399103165,0.6750298738479614,0.0046706228,0.0003,-2.05500864982605,0.02649722117930651,0.16180682182312012,1520,0.0046875,0.2,0.0005329111590981483
-0.20583233999999995,1.0,9856,154,1190,8,-0.009047201834619045,0.6728811264038086,0.00340233,0.0003,-2.0485477209091187,0.033862413838505745,0.06559157371520996,1530,0.0109375,0.2,-0.0011652708053588867
-0.21985735,1.0,9920,155,1190,8,-0.014524738024920224,0.6711368560791016,0.017397739,0.0003,-2.0426623582839967,0.018265142664313318,0.27230334281921387,1540,0.08125,0.2,-0.01351960189640522
-0.22832866,1.0,9984,156,1191,8,-0.013413622509688139,0.6700904369354248,0.008156238,0.0003,-2.038349485397339,0.027255063503980638,0.18678927421569824,1550,0.0203125,0.2,-0.030303603038191795
-0.23750717999999998,1.0,10048,157,1191,8,0.0010773534886538982,0.6687993407249451,0.0037364978,0.0003,-2.0352662324905397,0.023694277741014957,0.1992538571357727,1560,0.025,0.2,0.009964332915842533
-0.24148616000000003,1.0,10112,158,1191,8,-0.0009542937390506267,0.6670173406600952,0.0014095111,0.0003,-2.0306439876556395,0.02472603917121887,0.2707226872444153,1570,0.0,0.2,0.005780377425253391
-0.2274137,1.0,10176,159,1192,8,-0.0012538821203634143,0.6648439168930054,0.0017590942,0.0003,-2.0247859716415406,0.026468200795352458,0.13784146308898926,1580,0.0015625,0.2,0.008843701332807541
-0.22706181999999994,1.0,10240,160,1192,8,-0.006754085887223482,0.6633440256118774,0.005742698,0.0003,-2.0187325477600098,0.019516945257782935,0.17298495769500732,1590,0.00625,0.2,-0.005913042463362217
-0.21035034000000002,1.0,10304,161,1193,8,-0.0030550476629287006,0.66162109375,0.0073830104,0.0003,-2.0144875049591064,0.021516606025397778,0.2645590901374817,1600,0.0359375,0.2,0.007232462987303734
-0.22751656,1.0,10368,162,1192,8,-0.01518213408999145,0.6600368022918701,0.010008815,0.0003,-2.009077787399292,0.02065395247191191,0.2543908953666687,1610,0.03125,0.2,-0.024336110800504684
-0.23226161999999997,1.0,10432,163,1192,8,-0.013846551813185216,0.6581721305847168,0.01795785,0.0003,-2.0042896032333375,0.025484936870634557,0.24515748023986816,1620,0.09375,0.2,-0.00689691212028265
-0.24739422999999994,1.0,10496,164,1191,8,-0.01195944482460618,0.6561803817749023,0.00592931,0.0003,-1.9981237769126892,0.03658090382814407,0.12806379795074463,1630,0.0078125,0.2,-0.014998845756053925
-0.2170172,1.0,10560,165,1191,8,-0.021466111298650503,0.6546141505241394,0.02444019,0.0003,-1.9926535129547118,0.02794635947793722,0.21420997381210327,1640,0.125,0.2,-0.015074926428496838
-0.20853643,1.0,10624,166,1191,8,-0.003962697274982929,0.6532834768295288,0.0036412627,0.0003,-1.9883155703544617,0.028487338870763778,0.13523954153060913,1650,0.0109375,0.2,0.002689927816390991
-0.17413215999999998,1.0,10688,167,1191,8,-0.00048510031774640083,0.651691198348999,0.0015128413,0.0003,-1.9839475631713868,0.02992111016064882,0.17350757122039795,1660,0.0,0.2,0.004691645503044128
-0.17521405999999998,1.0,10752,168,1190,9,-0.00044404724612832067,0.6498560905456543,0.00070362166,0.0003,-1.9787525892257691,0.0281003313139081,0.11966001987457275,1670,0.0,0.2,0.006959143094718456
-0.17312901,1.0,10816,169,1191,9,-0.0058382065035402775,0.6475439667701721,0.006189483,0.0003,-1.9725908041000366,0.0273429611697793,0.0863904356956482,1680,0.0140625,0.2,0.00253358855843544
-0.19840336000000003,1.0,10880,170,1191,9,-0.011122426204383373,0.6454485058784485,0.006185977,0.0003,-1.9654199242591859,0.025883416645228863,0.03134363889694214,1690,0.015625,0.2,-0.010986163280904293
-0.20967086999999998,1.0,10944,171,1191,9,-0.0025686757639050485,0.6432640552520752,0.0032251207,0.0003,-1.9591222882270813,0.03800430931150913,0.06787651777267456,1700,0.003125,0.2,0.010012136772274971
-0.20895641,1.0,11008,172,1192,9,-0.0025267756544053556,0.6406064033508301,0.0015191427,0.0003,-1.9516409158706665,0.02638456653803587,0.19696485996246338,1710,0.0,0.2,0.006291856989264488
-0.20712290999999997,1.0,11072,173,1192,9,-0.007156656682491302,0.6382552981376648,0.0011184374,0.0003,-1.9434995770454406,0.02244202997535467,0.0996783971786499,1720,0.0,0.2,-0.008616491220891476
-0.20408347000000002,1.0,11136,174,1192,9,-0.00544346421957016,0.6363418102264404,0.0034560524,0.0003,-1.9368486523628234,0.037519017979502675,-0.010228753089904785,1730,0.00625,0.2,0.0030208639800548553
-0.20890655,1.0,11200,175,1192,9,-0.003644828265532851,0.6345175504684448,0.0049342522,0.0003,-1.931032419204712,0.02346895132213831,0.20665329694747925,1740,0.0203125,0.2,0.004667665809392929
-0.22797643999999997,1.0,11264,176,1192,9,-0.019993388652801515,0.6327942609786987,0.008298074,0.0003,-1.9252976179122925,0.027443066611886023,0.19693058729171753,1750,0.0234375,0.2,-0.026811858639121056
-0.22386293,1.0,11328,177,1192,9,-0.008438105508685113,0.6309367418289185,0.0028715106,0.0003,-1.9197416663169862,0.02827796582132578,0.24091565608978271,1760,0.0046875,0.2,-0.004652108997106552
-0.22216617999999996,1.0,11392,178,1192,9,-0.002067962009459734,0.6287087202072144,0.0045212545,0.0003,-1.9133603930473329,0.027999247051775457,0.21318954229354858,1770,0.00625,0.2,0.008357624523341656
-0.19312326000000005,1.0,11456,179,1193,9,-0.005195691250264645,0.6264742016792297,0.004080414,0.0003,-1.906065833568573,0.03260449692606926,0.10635727643966675,1780,0.0078125,0.2,0.006495101377367973
-0.17947552000000003,1.0,11520,180,1192,9,-0.013150979951024055,0.6246145963668823,0.007062461,0.0003,-1.8994151830673218,0.025163326971232892,0.17022377252578735,1790,0.0109375,0.2,-0.015896154567599297
-0.15748352000000002,1.0,11584,181,1193,9,-0.001048138365149498,0.6226207613945007,0.0008734986,0.0003,-1.8933845281600952,0.024967817403376103,0.11890119314193726,1800,0.0,0.2,0.0054218946024775505
-0.15026566,1.0,11648,182,1193,9,-0.011895778495818377,0.6211780309677124,0.0032115905,0.0003,-1.8874151587486268,0.019845166802406312,-0.010617256164550781,1810,0.00625,0.2,-0.027105018496513367
-0.20112291999999996,1.0,11712,183,1193,9,0.00022716126404702662,0.6201605200767517,0.0013324833,0.0003,-1.8836164355278016,0.030261585116386415,0.05550491809844971,1820,0.0,0.2,0.004000256769359112
-0.19921536000000004,1.0,11776,184,1194,9,0.0003472229698672891,0.6188322305679321,0.00202908,0.0003,-1.8800389289855957,0.03272548746317625,0.1752856969833374,1830,0.003125,0.2,0.01065159123390913
-0.20028142,1.0,11840,185,1194,9,-0.013812822010368108,0.6172171831130981,0.006786179,0.0003,-1.8751887202262878,0.03063954208046198,0.09097641706466675,1840,0.0171875,0.2,-0.014269869774580002
-0.20896361999999996,1.0,11904,186,1194,9,-0.006278487760573626,0.6153135299682617,0.0030875942,0.0003,-1.8696016550064087,0.026027740724384785,0.09300786256790161,1850,0.0125,0.2,0.001156139187514782
-0.18515885,1.0,11968,187,1194,10,-0.011541254818439484,0.613578736782074,0.006857343,0.0003,-1.8633318305015565,0.03422232083976269,0.15088272094726562,1860,0.0109375,0.2,-0.010525720193982124
-0.17808676,1.0,12032,188,1194,10,-0.0014250090345740319,0.6119346618652344,0.0023600329,0.0003,-1.8579524874687194,0.02981176823377609,0.11696785688400269,1870,0.0,0.2,0.0088109839707613
-0.19617971,1.0,12096,189,1194,10,-0.007736712694168091,0.6099313497543335,0.0029214155,0.0003,-1.8522101759910583,0.02444443106651306,0.17961663007736206,1880,0.0109375,0.2,-0.005507524125277996
-0.20793571999999996,1.0,12160,190,1195,10,-0.01224953830242157,0.6081342697143555,0.006766876,0.0003,-1.8456579327583313,0.036589189618825915,-0.08096098899841309,1890,0.0140625,0.2,-0.02265261672437191
-0.20600001,1.0,12224,191,1195,10,8.038664236664773e-06,0.6066227555274963,0.0029473156,0.0003,-1.8403233885765076,0.024952771700918676,0.15033936500549316,1900,0.0015625,0.2,0.005643550306558609
-0.18670957999999996,1.0,12288,192,1195,10,-0.00126089071854949,0.6046111583709717,0.001976518,0.0003,-1.8348511695861816,0.044161117449402806,0.12856650352478027,1910,0.0,0.2,0.015478258952498436
-0.18844970999999996,1.0,12352,193,1195,10,-0.007153639569878578,0.602564811706543,0.0031860666,0.0003,-1.8278602480888366,0.02910789530724287,0.11343920230865479,1920,0.003125,0.2,-0.0025871042162179947
-0.20453153999999998,1.0,12416,194,1195,10,-0.0019309894181787969,0.6006085276603699,0.0035937345,0.0003,-1.8213295221328736,0.04617683216929436,0.036270737648010254,1930,0.0015625,0.2,0.013572728261351585
-0.20055879000000001,1.0,12480,195,1195,10,-0.012550479266792536,0.598965048789978,0.005985247,0.0003,-1.8151750087738037,0.02993192374706268,0.11243963241577148,1940,0.0171875,0.2,-0.011758511886000633
-0.23594711000000002,1.0,12544,196,1196,10,-0.004617885872721672,0.5969612002372742,0.006398814,0.0003,-1.8094130635261536,0.027329339645802975,0.17458170652389526,1950,0.0078125,0.2,0.004439575597643852
-0.21515697,1.0,12608,197,1196,10,-0.01695347176864743,0.5951169729232788,0.006709357,0.0003,-1.802668845653534,0.047639335691928866,0.05332660675048828,1960,0.021875,0.2,-0.01111033745110035
-0.20094753999999998,1.0,12672,198,1196,10,0.0051985237747430805,0.5937609076499939,0.00041719154,0.0003,-1.7972108602523804,0.035960014909505844,0.12097221612930298,1970,0.0,0.2,0.016410915181040764
-0.21436958,1.0,12736,199,1196,10,-0.008475934434682132,0.5924243927001953,0.0051726596,0.0003,-1.7929179906845092,0.03577204793691635,0.046697020530700684,1980,0.0171875,0.2,0.004545911215245724
-0.19103970999999997,1.0,12800,200,1196,10,-0.002808159915730357,0.5905117988586426,0.0013995077,0.0003,-1.7876879811286925,0.03338617198169232,0.12751328945159912,1990,0.0,0.2,0.009738529101014137
-0.15864564,1.0,12864,201,1196,10,-0.0033569914754480123,0.5884530544281006,0.0032805828,0.0003,-1.780703842639923,0.030611140094697474,0.17958253622055054,2000,0.0,0.2,0.004096968099474907
-0.1715594,1.0,12928,202,1196,10,-0.006318616308271885,0.5869921445846558,0.0025917552,0.0003,-1.774489164352417,0.021048367954790592,0.010895073413848877,2010,0.0,0.2,-0.014806965366005898
-0.18955792999999999,1.0,12992,203,1195,10,-0.001617668569087982,0.5858352184295654,0.004113932,0.0003,-1.7701762914657593,0.03497014418244362,0.08435100317001343,2020,0.015625,0.2,0.011428935453295708
-0.20987519000000002,1.0,13056,204,1195,10,-0.0015766334254294634,0.5839828252792358,0.0012454279,0.0003,-1.7654252529144288,0.026975717395544052,0.08672618865966797,2030,0.0,0.2,0.009649910032749176
-0.23424724000000002,1.0,13120,205,1195,10,-0.0056595074944198135,0.5820424556732178,0.0028358316,0.0003,-1.7584878206253052,0.02545882612466812,0.24121057987213135,2040,0.0015625,0.2,-0.0021639084443449974
-0.21761077000000004,1.0,13184,206,1195,11,-0.021057211607694627,0.5804274082183838,0.011108199,0.0003,-1.7523930430412293,0.045856792107224466,-0.013679981231689453,2050,0.0640625,0.2,-0.006221624091267586
-0.2315378,1.0,13248,207,1195,11,-0.0034868860617280006,0.5784900188446045,0.00344156,0.0003,-1.7465386629104613,0.028667612187564372,0.13600260019302368,2060,0.0046875,0.2,0.005793286487460136
-0.23525264,1.0,13312,208,1195,11,-0.019175977725535632,0.5767765045166016,0.014191329,0.0003,-1.7398346066474915,0.038142986968159674,0.08893465995788574,2070,0.10625,0.2,-0.004002360627055168
-0.19347697999999997,1.0,13376,209,1195,11,-0.014011891279369592,0.5753838419914246,0.0157468,0.0003,-1.734731423854828,0.02282004673033953,0.15044015645980835,2080,0.0609375,0.2,-0.012658476829528809
-0.19937836,1.0,13440,210,1195,11,-0.017475647665560246,0.5739364624023438,0.017303998,0.0003,-1.7296450853347778,0.028932804055511952,0.04871028661727905,2090,0.0828125,0.2,-0.01216601300984621
-0.20446767999999998,1.0,13504,211,1195,11,-0.0002571036107838154,0.5723745226860046,0.0004161466,0.0003,-1.7246406555175782,0.043706309795379636,0.10971570014953613,2100,0.0,0.2,0.01522611454129219
-0.17971001999999994,1.0,13568,212,1195,11,-0.0008779888972640038,0.5707018375396729,0.00051642396,0.0003,-1.7189086556434632,0.04231820367276669,0.05850183963775635,2110,0.0,0.2,0.01509554497897625
-0.19952451,1.0,13632,213,1195,11,-0.0018207277171313763,0.5691874027252197,0.0009975564,0.0003,-1.7132991552352905,0.027949650213122366,0.027522385120391846,2120,0.0,0.2,0.0011303965002298355
-0.1971698,1.0,13696,214,1195,11,-0.002561277709901333,0.5677444934844971,0.0033426788,0.0003,-1.7081662774086,0.0414544902741909,0.07389360666275024,2130,0.0,0.2,0.008734483271837234
-0.21091147999999996,1.0,13760,215,1195,11,-0.0019068000838160515,0.5659449100494385,0.001903303,0.0003,-1.7026802539825439,0.026512582786381245,0.1548093557357788,2140,0.0,0.2,0.008747798390686512
-0.21328862,1.0,13824,216,1196,11,-0.003829023614525795,0.5638971924781799,0.0012448048,0.0003,-1.6958888292312622,0.03204955086112023,0.12852102518081665,2150,0.0,0.2,0.005412071943283081
-0.19237616,1.0,13888,217,1196,11,-0.010384925454854966,0.5621191263198853,0.014503614,0.0003,-1.6889703035354615,0.024746053479611875,0.17548435926437378,2160,0.0703125,0.2,-0.005119321867823601
-0.18132338,1.0,13952,218,1196,11,-0.005375610105693341,0.5605789422988892,0.0030760234,0.0003,-1.6830963015556335,0.03490891382098198,-0.025321006774902344,2170,0.003125,0.2,0.0031901299953460693
-0.17940649,1.0,14016,219,1197,11,-0.008179565984755754,0.5588939189910889,0.007494624,0.0003,-1.6775356888771058,0.025417605973780157,0.1308804750442505,2180,0.01875,0.2,-0.006398271769285202
-0.21224426999999998,1.0,14080,220,1197,11,-0.009855060884729028,0.5573011636734009,0.011468189,0.0003,-1.6714370608329774,0.03306780979037285,-0.010544776916503906,2190,0.0625,0.2,0.006763765588402748
-0.18827415000000006,1.0,14144,221,1197,11,-0.009378227312117815,0.5559875965118408,0.004105893,0.0003,-1.6663378715515136,0.025515313632786273,0.1782395839691162,2200,0.0078125,0.2,-0.008876677602529526
-0.17251296000000005,1.0,14208,222,1197,11,-0.03241568394005299,0.5550314784049988,0.015868058,0.0003,-1.6619954228401184,0.01886020228266716,0.14129656553268433,2210,0.071875,0.2,-0.053774185478687286
-0.20738747,1.0,14272,223,1197,11,-0.004863341059535742,0.5536220073699951,0.012527018,0.0003,-1.658222758769989,0.028225715458393096,0.04467594623565674,2220,0.08125,0.2,0.009483969770371914
-0.18374089999999998,1.0,14336,224,1197,11,-0.005877746641635895,0.5520205497741699,0.0036293743,0.0003,-1.6525423526763916,0.04316556453704834,0.018528878688812256,2230,0.0078125,0.2,0.01022222451865673
-0.18305877999999998,1.0,14400,225,1197,12,-0.008772702049463987,0.5505320429801941,0.0042999936,0.0003,-1.6469427704811097,0.023731281980872154,0.14243465662002563,2240,0.00625,0.2,-0.010211115702986717
-0.19288765000000002,1.0,14464,226,1197,12,-0.004366278927773237,0.5486572980880737,0.004038916,0.0003,-1.6410964131355286,0.03419255055487156,0.16280299425125122,2250,0.0,0.2,0.006015464663505554
-0.21807686000000004,1.0,14528,227,1197,12,-0.005599859403446317,0.5469652414321899,0.0054904027,0.0003,-1.6342244744300842,0.03476087898015976,0.05368703603744507,2260,0.009375,0.2,-0.0032177716493606567
-0.21247501999999996,1.0,14592,228,1197,12,-0.0037505471147596834,0.5452004671096802,0.0033801636,0.0003,-1.6281495332717895,0.035884042456746104,0.08894044160842896,2270,0.0078125,0.2,0.009936681017279625
-0.18394962000000004,1.0,14656,229,1197,12,-0.004344870150089264,0.5434824824333191,0.00615923,0.0003,-1.6216991901397706,0.02834948729723692,0.2355702519416809,2280,0.0109375,0.2,0.0036524860188364983
-0.13927047000000004,1.0,14720,230,1198,12,-0.0010757931508123876,0.5415250062942505,0.0014582621,0.0003,-1.6150922536849976,0.03104270715266466,0.04083132743835449,2290,0.0,0.2,0.01133391261100769
-0.16928174,1.0,14784,231,1198,12,-0.005492589622735977,0.53944993019104,0.0013811626,0.0003,-1.6075494289398193,0.02202615048736334,0.07882946729660034,2300,0.0,0.2,-0.0012302808463573456
-0.19907676000000002,1.0,14848,232,1198,12,-0.0016477124765515328,0.5375281572341919,0.0013904329,0.0003,-1.6000542759895324,0.03714178428053856,0.09703207015991211,2310,0.0,0.2,0.011212203651666641
-0.18986426,1.0,14912,233,1198,12,-0.022724272776395084,0.5359705686569214,0.015570278,0.0003,-1.5934844136238098,0.03687377497553825,0.020212650299072266,2320,0.059375,0.2,-0.01894688792526722
-0.19090321000000002,1.0,14976,234,1198,12,-0.0009992639999836684,0.5346159338951111,0.0008284785,0.0003,-1.588036596775055,0.04056684859097004,0.04573339223861694,2330,0.0,0.2,0.010152742266654968
-0.17935751,1.0,15040,235,1197,12,-0.021264477260410787,0.5334896445274353,0.010789086,0.0003,-1.5834113597869872,0.04220120683312416,0.057639241218566895,2340,0.04375,0.2,-0.014599191024899483
-0.20521305000000006,1.0,15104,236,1198,12,-0.003126365039497614,0.5319912433624268,0.002125862,0.0003,-1.5787406325340272,0.03225006982684135,-0.032842040061950684,2350,0.0,0.2,0.004766498692333698
-0.17777044000000003,1.0,15168,237,1198,12,-0.012819284619763494,0.5303053855895996,0.013201403,0.0003,-1.5726422429084779,0.03055284861475229,0.1337377429008484,2360,0.090625,0.2,0.0005964422598481178
-0.16887262,1.0,15232,238,1198,12,-0.006266413070261478,0.5289937257766724,0.0038037654,0.0003,-1.5668170928955079,0.03050792794674635,0.07616657018661499,2370,0.0046875,0.2,-0.0016466975212097168
-0.17275776999999998,1.0,15296,239,1198,12,-0.0047988173551857475,0.5277593731880188,0.0036396598,0.0003,-1.5621421337127686,0.023429872840642928,0.17265409231185913,2380,0.0046875,0.2,-0.002895679324865341
-0.1786837,1.0,15360,240,1198,12,-0.0072093321941792965,0.5264531373977661,0.004568033,0.0003,-1.5573238492012025,0.03387173190712929,0.021618783473968506,2390,0.0203125,0.2,0.0076102614402771
-0.17698310999999997,1.0,15424,241,1198,12,-0.0076642956584692,0.5251660943031311,0.007010253,0.0003,-1.5524464845657349,0.024316334910690785,-0.01124715805053711,2400,0.0109375,0.2,-0.005532130599021912
-0.14240347,1.0,15488,242,1199,12,-0.007916942983865739,0.5240362882614136,0.004665002,0.0003,-1.5476832270622254,0.029068081080913542,0.07446140050888062,2410,0.0109375,0.2,-0.01002664677798748
-0.13297058,1.0,15552,243,1198,12,-0.013992819283157588,0.5226888060569763,0.009117456,0.0003,-1.5433067083358765,0.021761373989284037,0.08901327848434448,2420,0.0296875,0.2,-0.017157863825559616
-0.20383984000000002,1.0,15616,244,1198,13,0.0007288077846169472,0.5208684802055359,0.0014414266,0.0003,-1.5372107744216919,0.02238173075020313,0.14625972509384155,2430,0.0,0.2,0.010002086870372295
-0.15664453,1.0,15680,245,1197,13,-0.0187571719288826,0.5194112062454224,0.009168756,0.0003,-1.5306121706962585,0.04512640535831451,0.043486714363098145,2440,0.0234375,0.2,-0.015634553506970406
-0.13686212,1.0,15744,246,1197,13,-0.0027932713739573954,0.5180222988128662,0.0038729934,0.0003,-1.5251950383186341,0.02820455376058817,0.07131797075271606,2450,0.0203125,0.2,0.009949932806193829
-0.15530541,1.0,15808,247,1197,13,-0.017773761600255965,0.5167785882949829,0.008757083,0.0003,-1.5202053785324097,0.01910135746002197,-0.033266663551330566,2460,0.0296875,0.2,-0.02355925366282463
-0.1700989,1.0,15872,248,1198,13,-0.004017320182174444,0.5153115391731262,0.0027557286,0.0003,-1.514982557296753,0.030313065461814403,0.0580061674118042,2470,0.0015625,0.2,0.0017078928649425507
-0.14943313,1.0,15936,249,1198,13,-0.0126828801818192,0.513883113861084,0.004899523,0.0003,-1.50930415391922,0.027101107500493528,0.08176332712173462,2480,0.00625,0.2,-0.01449371874332428
-0.21432246000000002,1.0,16000,250,1198,13,-0.009890295006334782,0.5125671029090881,0.0072069997,0.0003,-1.5039671778678894,0.02902088686823845,0.014913022518157959,2490,0.0234375,0.2,-0.0032634632661938667
-0.19406431000000002,1.0,16064,251,1198,13,-0.017697040736675263,0.5114555358886719,0.021333877,0.0003,-1.4991297483444215,0.05923026092350483,0.018860042095184326,2500,0.1328125,0.2,0.0007671359926462173
-0.17814682999999998,1.0,16128,252,1198,13,-0.012217469792813063,0.5104535818099976,0.0064821215,0.0003,-1.4950811982154846,0.03109806627035141,0.04584681987762451,2510,0.0109375,0.2,-0.01708371937274933
-0.15278431,1.0,16192,253,1198,13,-0.0004315449856221676,0.5092953443527222,0.0024958048,0.0003,-1.4909006714820863,0.02597362045198679,-0.004915475845336914,2520,0.0,0.2,0.006031638011336327
-0.16723118000000003,1.0,16256,254,1198,13,-0.00016052424907684327,0.5079210996627808,0.00043060724,0.0003,-1.4860307693481445,0.024193855188786983,0.15391147136688232,2530,0.0,0.2,0.00792829878628254
-0.14930191,1.0,16320,255,1198,13,-0.006222738139331341,0.5066205263137817,0.0031883782,0.0003,-1.4805854916572572,0.031814759224653245,0.10133284330368042,2540,0.0015625,0.2,-0.005445176735520363
-0.15522498,1.0,16384,256,1198,13,0.0012084740214049817,0.5050693154335022,0.00059121754,0.0003,-1.4752396583557128,0.02811584621667862,0.07092452049255371,2550,0.0,0.2,0.012710614129900932
-0.18633376000000001,1.0,16448,257,1199,13,-0.007440678030252457,0.503646969795227,0.0022527417,0.0003,-1.4690358996391297,0.02745652701705694,0.04885965585708618,2560,0.0015625,0.2,-0.007607737556099892
-0.21698444000000003,1.0,16512,258,1199,13,-0.008054389245808124,0.5026508569717407,0.006379691,0.0003,-1.4641611456871033,0.04039573818445206,0.09521275758743286,2570,0.0171875,0.2,-0.007762599736452103
-0.18954274999999995,1.0,16576,259,1199,13,-0.004957368969917298,0.5012889504432678,0.0027132155,0.0003,-1.4599016427993774,0.055201731622219086,-0.002700328826904297,2580,0.003125,0.2,0.011191505938768387
-0.14856998,1.0,16640,260,1199,13,-0.003272243030369282,0.5000972151756287,0.0051803924,0.0003,-1.454304838180542,0.0321925837546587,0.02786344289779663,2590,0.003125,0.2,-0.0006324257701635361
-0.20572719000000003,1.0,16704,261,1199,13,-0.011753737926483154,0.4989188313484192,0.015373692,0.0003,-1.4499237298965455,0.030458252131938934,0.16600346565246582,2600,0.075,0.2,-0.006098177284002304
-0.18806249,1.0,16768,262,1199,13,-0.00335945775732398,0.49767935276031494,0.0023630848,0.0003,-1.4448357582092286,0.03308168016374111,0.06737810373306274,2610,0.0015625,0.2,0.003914510831236839
-0.17702118000000003,1.0,16832,263,1199,14,-0.0019214259460568427,0.4965893030166626,0.0012604892,0.0003,-1.4401141166687013,0.029430676251649857,0.23878973722457886,2620,0.0,0.2,0.0011764364317059517
-0.16834636,1.0,16896,264,1199,14,-0.0011902370490133763,0.49504607915878296,0.0015528062,0.0003,-1.4351617455482484,0.02809337470680475,0.0064165592193603516,2630,0.0,0.2,0.00859670527279377
-0.15376895000000002,1.0,16960,265,1200,14,-0.013614695705473422,0.4936665892601013,0.009964974,0.0003,-1.4287755250930787,0.031578116863965985,0.112995445728302,2640,0.0296875,0.2,-0.009374784305691719
-0.14609354999999996,1.0,17024,266,1199,14,-0.010926613584160805,0.4922671318054199,0.0069537554,0.0003,-1.4234550952911378,0.024168440513312815,0.2044849395751953,2650,0.0296875,0.2,-0.006836719810962677
-0.19179398999999997,1.0,17088,267,1200,14,-0.005747693777084351,0.49072593450546265,0.00361849,0.0003,-1.4174340963363647,0.02458832897245884,0.16196668148040771,2660,0.003125,0.2,0.0005663754418492317
-0.18785941,1.0,17152,268,1200,14,-0.004400667548179626,0.48951148986816406,0.00527265,0.0003,-1.4115320324897767,0.05525037981569767,0.0008088946342468262,2670,0.009375,0.2,0.008690783753991127
-0.14267868000000003,1.0,17216,269,1200,14,-0.007773381005972624,0.4883471131324768,0.007998596,0.0003,-1.4068110823631286,0.03142680786550045,0.07439351081848145,2680,0.05,0.2,0.006386738270521164
-0.17325738,1.0,17280,270,1200,14,-0.03379480428993702,0.48748356103897095,0.013591625,0.0003,-1.4024976253509522,0.022191358171403407,0.04135167598724365,2690,0.0453125,0.2,-0.05539388209581375
-0.17265069,1.0,17344,271,1200,14,-0.007385013066232205,0.4867555499076843,0.01450185,0.0003,-1.399228036403656,0.030246590636670588,0.09794449806213379,2700,0.096875,0.2,0.0003482550382614136
-0.1775134,1.0,17408,272,1200,14,-0.009724799916148186,0.4859117269515991,0.007431604,0.0003,-1.396200966835022,0.03779193311929703,0.053169310092926025,2710,0.01875,0.2,0.002506570890545845
-0.16090661999999997,1.0,17472,273,1200,14,-0.0014239532873034477,0.48431044816970825,0.0021821363,0.0003,-1.3913737654685974,0.03286855556070804,0.06839215755462646,2720,0.0,0.2,0.013069428503513336
-0.13564099999999998,1.0,17536,274,1200,14,-0.002319263480603695,0.4822593331336975,0.00032722764,0.0003,-1.3837435960769653,0.028071833960711955,0.06191462278366089,2730,0.0,0.2,0.008814672008156776
-0.14730084999999998,1.0,17600,275,1200,14,-0.011411430686712265,0.4805479347705841,0.005081537,0.0003,-1.3755536913871764,0.015958636347204447,0.026645183563232422,2740,0.0078125,0.2,-0.019901111721992493
-0.17430867,1.0,17664,276,1200,14,-0.02203784417361021,0.47920316457748413,0.019311374,0.0003,-1.369260323047638,0.02595319040119648,0.08446329832077026,2750,0.1125,0.2,-0.0156626608222723
-0.13938778999999998,1.0,17728,277,1200,14,-0.00579586923122406,0.47773805260658264,0.003660204,0.0003,-1.3635324835777283,0.029194232262670993,0.11293989419937134,2760,0.0046875,0.2,-0.00012797024101018906
-0.16230847,1.0,17792,278,1200,14,-0.005063840094953776,0.4763128161430359,0.0025232881,0.0003,-1.3572669267654418,0.022378123365342617,0.09958380460739136,2770,0.0,0.2,-0.005045264959335327
-0.17320511,1.0,17856,279,1201,14,0.002246467582881451,0.4751068353652954,0.00050993264,0.0003,-1.351741576194763,0.027498044818639756,0.10494524240493774,2780,0.0,0.2,0.010530836880207062
-0.13829026,1.0,17920,280,1201,14,-0.010050958767533303,0.4740123152732849,0.013951604,0.0003,-1.346906340122223,0.03985886573791504,0.03336203098297119,2790,0.0765625,0.2,0.005798486992716789
-0.11794966999999999,1.0,17984,281,1201,14,-0.004061281960457563,0.4725421071052551,0.006794409,0.0003,-1.341840147972107,0.02359932642430067,0.1270037293434143,2800,0.0296875,0.2,0.004827516153454781
-0.14801293,1.0,18048,282,1201,15,-0.008198683988302946,0.4712029695510864,0.0023556761,0.0003,-1.3354564547538756,0.021196616254746913,-0.04380631446838379,2810,0.0,0.2,-0.009913991205394268
-0.15941684000000003,1.0,18112,283,1201,15,-0.0002656787633895874,0.47028273344039917,0.0014433209,0.0003,-1.330651307106018,0.062375005707144736,-0.027384638786315918,2820,0.0,0.2,0.005014875903725624
-0.14734491,1.0,18176,284,1200,15,-0.00501399040222168,0.4690350890159607,0.0018228944,0.0003,-1.3264412760734559,0.037123539671301845,0.03392982482910156,2830,0.0,0.2,0.005018124356865883
-0.14745194,1.0,18240,285,1200,15,-0.003223395254462957,0.46733513474464417,0.0051614866,0.0003,-1.3201094031333924,0.030366574227809907,0.1499321460723877,2840,0.01875,0.2,0.008231054991483688
-0.13165359,1.0,18304,286,1200,15,-0.0033770740032196046,0.46563202142715454,0.0027955761,0.0003,-1.3126246094703675,0.03223208747804165,0.06012839078903198,2850,0.0,0.2,0.005977978929877281
-0.10151674,1.0,18368,287,1200,15,-0.0016950083896517753,0.46412819623947144,0.0017179083,0.0003,-1.3055628895759583,0.02670619059354067,-0.033959269523620605,2860,0.0125,0.2,0.00560715701431036
-0.12769772,1.0,18432,288,1200,15,-0.01385701708495617,0.4629967212677002,0.018299874,0.0003,-1.3000202775001526,0.01580543499439955,-0.0007176399230957031,2870,0.103125,0.2,-0.011401982977986336
-0.12738923,1.0,18496,289,1200,15,-0.009109770506620407,0.4616508483886719,0.0040702717,0.0003,-1.2948249697685241,0.020522019267082213,0.15253883600234985,2880,0.0015625,0.2,-0.010945256799459457
-0.1499673,1.0,18560,290,1200,15,-0.01164172487333417,0.4605388045310974,0.0065940535,0.0003,-1.289126443862915,0.020429687947034834,0.1020626425743103,2890,0.01875,0.2,-0.02370554767549038
-0.14597628,1.0,18624,291,1201,15,-0.0012986131012439727,0.4595075845718384,0.004959546,0.0003,-1.2847052574157716,0.030475522577762603,0.1212570071220398,2900,0.0171875,0.2,0.006138257682323456
-0.17226859,1.0,18688,292,1200,15,-0.0024423863738775252,0.45831549167633057,0.0015285062,0.0003,-1.2799046397209168,0.031865956634283064,0.019208848476409912,2910,0.0,0.2,0.0012370124459266663
-0.16814100999999998,1.0,18752,293,1200,15,-0.003953953273594379,0.4571689963340759,0.003314157,0.0003,-1.274689269065857,0.036762616410851476,0.11364883184432983,2920,0.003125,0.2,0.0031499816104769707
-0.14796631,1.0,18816,294,1200,15,-0.009016186697408557,0.4560161232948303,0.013018463,0.0003,-1.2697681665420533,0.03259882219135761,0.061995089054107666,2930,0.0578125,0.2,0.0017448347061872482
-0.15317519000000002,1.0,18880,295,1201,15,-0.0032005930319428445,0.4550127387046814,0.0010778215,0.0003,-1.2649549961090087,0.020996567979454994,0.12278163433074951,2940,0.0,0.2,-0.0019883159548044205
-0.14864691,1.0,18944,296,1201,15,-0.00045052580535411837,0.45388007164001465,0.0013481472,0.0003,-1.2605017066001891,0.033737640082836154,0.07253795862197876,2950,0.0,0.2,0.006808934733271599
-0.14477037999999998,1.0,19008,297,1201,15,-0.0013152411207556724,0.45240747928619385,0.0027570194,0.0003,-1.2547738909721375,0.02014662530273199,0.12524926662445068,2960,0.0125,0.2,0.007308426313102245
-0.11452711999999998,1.0,19072,298,1201,15,-0.014374512527137995,0.45140618085861206,0.007529457,0.0003,-1.2489763379096985,0.019555431231856345,0.06281793117523193,2970,0.015625,0.2,-0.02414155751466751
-0.13321233999999998,1.0,19136,299,1201,15,-0.0011897858465090394,0.45058780908584595,0.0019902037,0.0003,-1.2451360821723938,0.015816975757479666,0.10813891887664795,2980,0.0,0.2,0.0016327612102031708
-0.14702631000000002,1.0,19200,300,1201,15,-0.008143182285130024,0.44961249828338623,0.004987701,0.0003,-1.2412637233734132,0.02043194938451052,0.13806861639022827,2990,0.0015625,0.2,-0.009171352721750736
-0.14163457,1.0,19264,301,1201,16,-0.004634244088083506,0.4485202133655548,0.0066665066,0.0003,-1.2366623997688293,0.027162085101008416,0.07125860452651978,3000,0.009375,0.2,0.0016783345490694046
-0.17677775999999995,1.0,19328,302,1201,16,0.0005580559372901917,0.4474702477455139,0.0007328559,0.0003,-1.2318064451217652,0.03671577870845795,-0.011093854904174805,3010,0.0,0.2,0.011718954890966415
-0.20523535999999998,1.0,19392,303,1201,16,-0.013750573433935643,0.44627314805984497,0.017610177,0.0003,-1.2269463777542113,0.04155443944036961,0.04063218832015991,3020,0.103125,0.2,0.002939928323030472
-0.19782366999999998,1.0,19456,304,1201,16,-0.027735664416104554,0.44520729780197144,0.009672327,0.0003,-1.2216556787490844,0.052592736482620236,0.008579730987548828,3030,0.028125,0.2,-0.027488766238093376
-0.16109617,1.0,19520,305,1200,16,-0.008908596262335778,0.44407233595848083,0.0027878983,0.0003,-1.2168284773826599,0.04614993631839752,-0.03992009162902832,3040,0.0078125,0.2,0.002290293574333191
-0.12820265000000003,1.0,19584,306,1201,16,-0.005017528077587485,0.4429492950439453,0.009258087,0.0003,-1.211688721179962,0.020531674847006798,0.06562882661819458,3050,0.040625,0.2,-0.0017741769552230835
-0.14794655,1.0,19648,307,1201,16,-0.004068087786436081,0.4418732523918152,0.0069863545,0.0003,-1.2066986560821533,0.0196365375071764,0.08121621608734131,3060,0.0265625,0.2,0.0011308621615171432
-0.14870752999999998,1.0,19712,308,1201,16,-0.011304585263133049,0.4408685564994812,0.0037751952,0.0003,-1.2019265413284301,0.027401628158986568,-0.00257718563079834,3070,0.0,0.2,-0.013190737925469875
-0.14441529999999997,1.0,19776,309,1201,16,-0.023328021727502347,0.43994563817977905,0.0106527945,0.0003,-1.1974995374679565,0.024475741013884545,0.10883551836013794,3080,0.0375,0.2,-0.028429120779037476
-0.15304191,1.0,19840,310,1201,16,-0.010091383336111903,0.43919888138771057,0.008484881,0.0003,-1.193497657775879,0.037111224606633186,0.014822244644165039,3090,0.028125,0.2,-0.01626197248697281
-0.13974463,1.0,19904,311,1201,16,0.0008535146713256836,0.4384697377681732,0.002152821,0.0003,-1.1902974009513856,0.02340307105332613,0.05770373344421387,3100,0.0,0.2,0.006611427292227745
-0.14747738,1.0,19968,312,1201,16,0.0016295872628688812,0.4377581477165222,0.00020242855,0.0003,-1.1869549751281738,0.028752037324011326,0.01982259750366211,3110,0.0,0.2,0.006163875572383404
-0.13573017,1.0,20032,313,1201,16,-0.0021428038133308293,0.4369746446609497,0.0027440619,0.0003,-1.1836696147918702,0.02223239615559578,0.13012152910232544,3120,0.0,0.2,-0.001896933652460575
-0.15449007,1.0,20096,314,1201,16,-0.0016079113818705082,0.43606001138687134,0.0034217602,0.0003,-1.179769551753998,0.02599969431757927,0.032527804374694824,3130,0.0046875,0.2,0.007608109153807163
-0.14766664000000002,1.0,20160,315,1201,16,-0.006793168652802706,0.4349403381347656,0.0027559204,0.0003,-1.1752200841903686,0.03178890533745289,0.07953751087188721,3140,0.0046875,0.2,-0.0018376410007476807
-0.16927672000000002,1.0,20224,316,1201,16,-0.016403285786509514,0.4337936043739319,0.011952455,0.0003,-1.1698606848716735,0.02493547797203064,-0.00023126602172851562,3150,0.0484375,0.2,-0.013202161528170109
-0.14826160000000002,1.0,20288,317,1201,16,-0.011522750928997993,0.43262678384780884,0.008258669,0.0003,-1.1646757483482362,0.028860976174473762,0.12745356559753418,3160,0.0203125,0.2,-0.006915844976902008
-0.14551242,1.0,20352,318,1201,16,-0.007961647305637597,0.43160802125930786,0.0075901756,0.0003,-1.1594492316246032,0.02242236230522394,0.08753383159637451,3170,0.0234375,0.2,-0.008824421092867851
-0.16192664999999995,1.0,20416,319,1202,16,-0.01810329034924507,0.43067193031311035,0.01753676,0.0003,-1.1551190733909606,0.021967715956270693,0.1847364902496338,3180,0.1203125,0.2,-0.01432858593761921
-0.12699342,1.0,20480,320,1202,17,-0.017408743407577275,0.42977482080459595,0.01216497,0.0003,-1.1508836030960083,0.0324823934584856,0.09091717004776001,3190,0.04375,0.2,-0.025746993720531464
-0.14086077000000005,1.0,20544,321,1201,17,0.004159693140536547,0.4287306070327759,0.0006049676,0.0003,-1.1464452028274537,0.029187239333987237,-0.013822197914123535,3200,0.0,0.2,0.013587587513029575
-0.12033846000000001,1.0,20608,322,1201,17,-0.014777517039328813,0.42774438858032227,0.01014392,0.0003,-1.1416275143623351,0.023731675744056702,0.09071779251098633,3210,0.05,0.2,-0.012988031841814518
-0.13093905,1.0,20672,323,1201,17,-0.020701154973357914,0.42699742317199707,0.012849487,0.0003,-1.137454354763031,0.015981373190879822,-0.014767169952392578,3220,0.0484375,0.2,-0.03306854888796806
-0.15379521000000002,1.0,20736,324,1201,17,0.0006652595475316048,0.4263037443161011,0.0018916251,0.0003,-1.1342129707336426,0.02339912485331297,0.05644810199737549,3230,0.0,0.2,0.0007173772901296616
-0.17165798000000002,1.0,20800,325,1201,17,-0.011436073947697878,0.42548686265945435,0.0114569375,0.0003,-1.1307281136512757,0.02130255363881588,0.14417624473571777,3240,0.0546875,0.2,-0.008535943925380707
-0.15873558,1.0,20864,326,1201,17,-0.007919593248516321,0.4244465231895447,0.0060039414,0.0003,-1.1265200138092042,0.02980829533189535,0.052558302879333496,3250,0.0140625,0.2,-0.00025532767176628113
-0.13281991999999998,1.0,20928,327,1201,17,-0.016669454425573348,0.4234384596347809,0.0085773785,0.0003,-1.1215425252914428,0.030175427347421645,0.03524738550186157,3260,0.0265625,0.2,-0.016346363350749016
-0.13909706,1.0,20992,328,1201,17,-0.015140190348029136,0.4223112165927887,0.010275954,0.0003,-1.116680133342743,0.03125341441482306,-0.020676374435424805,3270,0.0546875,0.2,-0.0031409133225679398
-0.15694963,1.0,21056,329,1201,17,-0.024898373056203127,0.4214206337928772,0.014744425,0.0003,-1.1116584181785583,0.022364326752722263,0.08160948753356934,3280,0.053125,0.2,-0.03643421828746796
-0.15566018999999998,1.0,21120,330,1201,17,0.0005820845253765583,0.4205935597419739,0.0017217426,0.0003,-1.1076868772506714,0.03806709609925747,0.04828375577926636,3290,0.003125,0.2,0.010261595249176025
-0.15431939000000003,1.0,21184,331,1200,17,-0.0013663997873663903,0.41967931389808655,0.0022771023,0.0003,-1.1036507606506347,0.020721329562366008,0.054553449153900146,3300,0.0015625,0.2,-0.0005079479888081551
-0.16239062999999998,1.0,21248,332,1200,17,-0.0025888346135616302,0.41880857944488525,0.0012271972,0.0003,-1.0992417216300965,0.03163968399167061,0.019568026065826416,3310,0.0,0.2,-0.0041761379688978195
-0.14966992,1.0,21312,333,1201,17,-0.01384566742926836,0.41793152689933777,0.00887832,0.0003,-1.0952070951461792,0.03523227274417877,0.05492275953292847,3320,0.04375,0.2,0.0003800373524427414
-0.14599507,1.0,21376,334,1201,17,-0.007326559443026781,0.4168643057346344,0.0066270893,0.0003,-1.090665090084076,0.027556014247238636,0.04400056600570679,3330,0.0234375,0.2,-4.377681761980057e-05
-0.14164891999999996,1.0,21440,335,1201,17,-0.008425114303827285,0.4156252145767212,0.0053264634,0.0003,-1.085053849220276,0.025762926787137985,0.04274702072143555,3340,0.021875,0.2,-0.0013351943343877792
-0.15137663,1.0,21504,336,1201,17,-0.006586833577603102,0.41431349515914917,0.0052016494,0.0003,-1.0790041446685792,0.018546517379581927,0.14708244800567627,3350,0.0109375,0.2,-0.003305145539343357
-0.16858566999999997,1.0,21568,337,1201,17,-0.0026863658800721168,0.4126470685005188,0.0021955208,0.0003,-1.0720775604248047,0.025034654699265958,0.13690268993377686,3360,0.0,0.2,0.007246949709951878
-0.14683696999999998,1.0,21632,338,1201,18,-0.013063259422779083,0.4111623764038086,0.008604059,0.0003,-1.06397887468338,0.038919147476553916,-0.07103466987609863,3370,0.0296875,0.2,-0.003943672403693199
-0.13645478,1.0,21696,339,1201,18,-0.004118759837001562,0.409859299659729,0.0037072091,0.0003,-1.05739324092865,0.028835620544850827,0.0581699013710022,3380,0.0125,0.2,0.008156884461641312
-0.15720090999999997,1.0,21760,340,1201,18,-0.004542987979948521,0.40851038694381714,0.003758015,0.0003,-1.050975787639618,0.020210946165025234,0.048458755016326904,3390,0.0078125,0.2,-0.0007350454106926918
-0.14187202999999998,1.0,21824,341,1200,18,-0.007170700654387474,0.4074745178222656,0.005256248,0.0003,-1.044806218147278,0.01979315560311079,0.08150714635848999,3400,0.003125,0.2,-0.019301796332001686
-0.11062294999999998,1.0,21888,342,1201,18,-0.03609914220869541,0.4067792296409607,0.024143318,0.0003,-1.0406545996665955,0.018396800197660924,0.019403278827667236,3410,0.1203125,0.2,-0.04389234259724617
-0.14649860000000003,1.0,21952,343,1201,18,-0.0008722363039851188,0.40569770336151123,0.0017873123,0.0003,-1.036668074131012,0.02076135464012623,0.025767862796783447,3420,0.0,0.2,0.007812340743839741
-0.15142446999999998,1.0,22016,344,1201,18,-0.010934576112776994,0.4045717716217041,0.0084681,0.0003,-1.0308691143989563,0.02565271146595478,0.17733991146087646,3430,0.0265625,0.2,-0.010054003447294235
-0.14868464,1.0,22080,345,1201,18,-0.018048806861042977,0.40378350019454956,0.011241169,0.0003,-1.0260125279426575,0.05809868983924389,-0.13659608364105225,3440,0.03125,0.2,-0.014293491840362549
-0.15911472000000002,1.0,22144,346,1201,18,-9.323488920927047e-05,0.4031015932559967,0.00084454194,0.0003,-1.0224754095077515,0.019089831784367562,0.13795071840286255,3450,0.0,0.2,-0.0008197100833058357
-0.10534745999999999,1.0,22208,347,1201,18,-0.004542626440525055,0.4020211100578308,0.0038483217,0.0003,-1.0184398293495178,0.026342494785785674,0.08769434690475464,3460,0.0015625,0.2,0.002544291317462921
-0.12894055,1.0,22272,348,1201,18,-0.010430829622782767,0.4008050858974457,0.011558799,0.0003,-1.0124707221984863,0.019329840689897536,0.03515595197677612,3470,0.046875,0.2,-0.012968897819519043
-0.13434963,1.0,22336,349,1201,18,-0.007459170930087566,0.3998280167579651,0.0037341826,0.0003,-1.0068009972572327,0.0365781120955944,0.05742347240447998,3480,0.0,0.2,-0.012077035382390022
-0.13920464999999999,1.0,22400,350,1202,18,-0.002829851023852825,0.3988291323184967,0.009255542,0.0003,-1.00202916264534,0.0278457123786211,0.06471097469329834,3490,0.0703125,0.2,0.012380033731460571
-0.16300239999999996,1.0,22464,351,1202,18,-0.0034784078132361175,0.39768487215042114,0.0031921137,0.0003,-0.9968386828899384,0.029978200420737268,0.0626491904258728,3500,0.0,0.2,0.005598880350589752
-0.10944333,1.0,22528,352,1202,18,-0.024009122233837842,0.39670640230178833,0.015251861,0.0003,-0.9910767376422882,0.036521805077791215,0.04590123891830444,3510,0.0875,0.2,-0.011639446020126343
-0.13336151,1.0,22592,353,1201,18,-0.03323058048263192,0.39623650908470154,0.015317399,0.0003,-0.9873937726020813,0.016506931651383637,-0.13140606880187988,3520,0.053125,0.2,-0.06560711562633514
-0.13044635999999998,1.0,22656,354,1199,18,0.011533321719616652,0.3957839608192444,0.0023738467,0.0003,-0.9852613031864166,0.03172324150800705,0.06854802370071411,3530,0.0,0.2,0.02144000306725502
-0.12676154999999997,1.0,22720,355,1199,18,-0.020406211726367474,0.3951928913593292,0.019582799,0.0003,-0.9826721310615539,0.02929945383220911,0.02574443817138672,3540,0.1109375,0.2,-0.011201119050383568
-0.13071312000000002,1.0,22784,356,1199,19,-0.016838200576603412,0.3945913314819336,0.008137581,0.0003,-0.9795876801013946,0.018214922584593295,0.1365411877632141,3550,0.0203125,0.2,-0.029993265867233276
-0.12456994999999997,1.0,22848,357,1199,19,-0.005133578181266784,0.39387187361717224,0.0077562006,0.0003,-0.976373952627182,0.02608257420361042,0.008191525936126709,3560,0.021875,0.2,-0.003399255685508251
-0.13353118,1.0,22912,358,1199,19,-0.012765045743435621,0.39300620555877686,0.006859136,0.0003,-0.9723023653030396,0.021622831746935845,0.021334052085876465,3570,0.0265625,0.2,-0.011992787942290306
-0.11126106,1.0,22976,359,1199,19,-0.006651908066123724,0.3918062448501587,0.005961157,0.0003,-0.9673756241798401,0.030118321999907494,0.0647004246711731,3580,0.0140625,0.2,0.0023947134613990784
-0.13500739,1.0,23040,360,1199,19,-0.011493166722357274,0.3906947374343872,0.005465963,0.0003,-0.9610798299312592,0.025347715057432652,-0.013586997985839844,3590,0.0109375,0.2,-0.018930768594145775
-0.15685115,1.0,23104,361,1199,19,-0.01927656289190054,0.3897930979728699,0.009233858,0.0003,-0.9560405313968658,0.03767052367329597,0.05922520160675049,3600,0.0375,0.2,-0.01680869795382023
-0.15442389,1.0,23168,362,1199,19,-0.016167419962584972,0.38891810178756714,0.011018049,0.0003,-0.9514888882637024,0.038532546162605284,-0.020326733589172363,3610,0.0390625,0.2,-0.01082523912191391
-0.16087345,1.0,23232,363,1199,19,-0.008853238914161921,0.38794273138046265,0.013604589,0.0003,-0.9467301368713379,0.024441562592983246,0.10093826055526733,3620,0.1140625,0.2,0.0020447801798582077
-0.15282508000000003,1.0,23296,364,1199,19,-0.015192428324371576,0.3870827257633209,0.017238393,0.0003,-0.9420214474201203,0.02316167615354061,0.10201126337051392,3630,0.0921875,0.2,-0.012195242568850517
-0.13390579,1.0,23360,365,1199,19,-0.004118458461016416,0.3860551714897156,0.0023136847,0.0003,-0.937223219871521,0.023998935893177985,0.05279195308685303,3640,0.0,0.2,0.0005983849987387657
-0.13084565,1.0,23424,366,1199,19,-0.01944529414176941,0.38519930839538574,0.007969886,0.0003,-0.9319460928440094,0.030735333636403083,-0.06137490272521973,3650,0.059375,0.2,-0.014686612412333488
-0.1472337,1.0,23488,367,1199,19,-0.034765349328517915,0.384624183177948,0.022575209,0.0003,-0.9283518075942994,0.02256021797657013,0.011485576629638672,3660,0.1171875,0.2,-0.042130932211875916
-0.11604416000000002,1.0,23552,368,1199,19,-0.00782238058745861,0.38382288813591003,0.012734749,0.0003,-0.9249849319458008,0.03770288974046707,0.05428504943847656,3670,0.0703125,0.2,0.009134846739470959
-0.13667163999999998,1.0,23616,369,1199,19,-0.005146634858101606,0.38263922929763794,0.005416767,0.0003,-0.9199944972991944,0.021623236872255803,0.061400651931762695,3680,0.0234375,0.2,-0.0003752121701836586
-0.14127174,1.0,23680,370,1198,19,-0.02927578678354621,0.38156628608703613,0.013606883,0.0003,-0.9136902093887329,0.04977766014635563,0.05292457342147827,3690,0.0453125,0.2,-0.03810563683509827
-0.13514464999999998,1.0,23744,371,1198,19,-0.02181985229253769,0.3805572986602783,0.022346117,0.0003,-0.9084090948104858,0.040335406363010404,0.016449451446533203,3700,0.125,0.2,-0.005939211696386337
-0.12214240999999999,1.0,23808,372,1198,19,-0.023523129522800446,0.37972331047058105,0.014603702,0.0003,-0.9033782958984375,0.03166908323764801,-0.025604248046875,3710,0.0625,0.2,-0.02190435864031315
-0.14107539,1.0,23872,373,1198,19,-0.0011318357661366462,0.3785473704338074,0.0012315316,0.0003,-0.8984964668750763,0.01614342173561454,-0.0053958892822265625,3720,0.0,0.2,0.003990801516920328
-0.10587188000000002,1.0,23936,374,1199,19,-0.021075581014156342,0.37750813364982605,0.0072748205,0.0003,-0.8920997738838196,0.02991367466747761,-0.025656461715698242,3730,0.0234375,0.2,-0.026895733550190926
-0.11195537000000001,1.0,24000,375,1199,20,-0.007379188714548945,0.3762750029563904,0.006365355,0.0003,-0.8866090953350068,0.020002527348697185,-0.19912362098693848,3740,0.0140625,0.2,-0.00429188646376133
-0.13840727,1.0,24064,376,1199,20,-0.0038323433604091407,0.37496840953826904,0.00543308,0.0003,-0.8796097636222839,0.0174639780074358,0.0550571084022522,3750,0.0125,0.2,-0.0009024804458022118
-0.1118559,1.0,24128,377,1198,20,-0.004404510743916035,0.3735513687133789,0.0048941434,0.0003,-0.8723914504051209,0.027209139056503774,0.048134565353393555,3760,0.0125,0.2,0.003657236695289612
-0.13875896,1.0,24192,378,1198,20,-0.003442046511918306,0.3721184730529785,0.0018401644,0.0003,-0.8646869242191315,0.022016963548958303,0.050456881523132324,3770,0.0,0.2,0.0018422594293951988
-0.13979052,1.0,24256,379,1198,20,-0.004136185068637133,0.3709339499473572,0.0046529034,0.0003,-0.8574088752269745,0.027490915171802043,0.11754012107849121,3780,0.0078125,0.2,0.001032593660056591
-0.16231026000000004,1.0,24320,380,1198,20,-0.00375932976603508,0.36965641379356384,0.0051584207,0.0003,-0.8510442912578583,0.02594577968120575,0.010934591293334961,3790,0.015625,0.2,0.003548126667737961
-0.13922603,1.0,24384,381,1198,20,-0.007623423729091883,0.36845362186431885,0.0070499266,0.0003,-0.8441197454929352,0.03258223719894886,0.08577048778533936,3800,0.0171875,0.2,-0.0015308521687984467
-0.12101739000000002,1.0,24448,382,1198,20,-0.019513682276010514,0.3675331473350525,0.008531944,0.0003,-0.83823664188385,0.03439654000103474,0.07126724720001221,3810,0.0296875,0.2,-0.01787608303129673
-0.12652067999999997,1.0,24512,383,1198,20,-0.010218625096604228,0.36669331789016724,0.009779918,0.0003,-0.8334786534309387,0.032975073158741,-0.012955784797668457,3820,0.0328125,0.2,-0.003073558211326599
-0.14070441,1.0,24576,384,1199,20,-0.003218823578208685,0.3658682107925415,0.0024639824,0.0003,-0.8288506269454956,0.023983282782137395,0.004965722560882568,3830,0.025,0.2,0.0038614077493548393
-0.12059025999999998,1.0,24640,385,1199,20,-0.0010823987424373627,0.3650078773498535,0.0005766591,0.0003,-0.8244865894317627,0.023975081369280817,0.011969983577728271,3840,0.0,0.2,0.004278574138879776
-0.10635395000000003,1.0,24704,386,1199,20,-0.00307597778737545,0.3641569912433624,0.0023436416,0.0003,-0.8196346044540406,0.023039493523538113,0.10005056858062744,3850,0.0,0.2,-0.004648155532777309
-0.10469062000000001,1.0,24768,387,1199,20,-0.023137772642076015,0.3633924722671509,0.021214288,0.0003,-0.8152946829795837,0.015436130110174417,-0.02580893039703369,3860,0.1078125,0.2,-0.023127581924200058
-0.09368049,1.0,24832,388,1199,20,-0.010652002319693566,0.3625832796096802,0.003226229,0.0003,-0.8109672725200653,0.017964732833206654,0.03174477815628052,3870,0.003125,0.2,-0.02005840837955475
-0.10866487000000001,1.0,24896,389,1199,20,-0.019392951019108297,0.3619711101055145,0.0067555425,0.0003,-0.8068359375,0.011385061405599117,-0.05103778839111328,3880,0.015625,0.2,-0.05100938305258751
-0.15317288,1.0,24960,390,1199,20,0.0027201932854950426,0.36106419563293457,0.002310155,0.0003,-0.8030866205692291,0.02930820044130087,0.039550065994262695,3890,0.009375,0.2,0.015154873952269554
-0.13617942,1.0,25024,391,1199,20,-0.01664817864075303,0.36005914211273193,0.010957253,0.0003,-0.7976344108581543,0.04893427602946758,-0.07272696495056152,3900,0.0578125,0.2,4.325248301029205e-05
